date,PriceUSD
18/07/2010,0.08584
19/07/2010,0.0808
20/07/2010,0.074735729
21/07/2010,0.079192863
22/07/2010,0.05846976
23/07/2010,0.06059287
24/07/2010,0.05454
25/07/2010,0.050540618
26/07/2010,0.056
27/07/2010,0.058622016
28/07/2010,0.058911099
29/07/2010,0.0699
30/07/2010,0.064657382
31/07/2010,0.067545799
1/08/2010,0.0611
2/08/2010,0.06
3/08/2010,0.060012151
4/08/2010,0.05701578
5/08/2010,0.061
6/08/2010,0.061671315
7/08/2010,0.059003945
8/08/2010,0.0609
9/08/2010,0.0704
10/08/2010,0.069338729
11/08/2010,0.067
12/08/2010,0.07
13/08/2010,0.0645
14/08/2010,0.066996434
15/08/2010,0.065117932
16/08/2010,0.0655
17/08/2010,0.07
18/08/2010,0.068
19/08/2010,0.0667
20/08/2010,0.0655
21/08/2010,0.0664
22/08/2010,0.065928989
23/08/2010,0.06491
24/08/2010,0.065
25/08/2010,0.0648
26/08/2010,0.064075114
27/08/2010,0.065
28/08/2010,0.0646
29/08/2010,0.064
30/08/2010,0.06497
31/08/2010,0.06
1/09/2010,0.062024828
2/09/2010,0.0634
3/09/2010,0.06085
4/09/2010,0.062178276
5/09/2010,0.06165
6/09/2010,0.0616
7/09/2010,0.061239118
8/09/2010,0.061
9/09/2010,0.061114971
10/09/2010,0.061011524
11/09/2010,0.063620865
12/09/2010,0.0615
13/09/2010,0.06218
14/09/2010,0.06199
15/09/2010,0.0604
16/09/2010,0.0619
17/09/2010,0.060000526
18/09/2010,0.061
19/09/2010,0.0627
20/09/2010,0.062101736
21/09/2010,0.06265
22/09/2010,0.06188187
23/09/2010,0.062153513
24/09/2010,0.0622
25/09/2010,0.06202
26/09/2010,0.062
27/09/2010,0.062200442
28/09/2010,0.061903898
29/09/2010,0.06191
30/09/2010,0.0619
1/10/2010,0.061973314
2/10/2010,0.0614
3/10/2010,0.061064868
4/10/2010,0.061294477
5/10/2010,0.0614
6/10/2010,0.06281
7/10/2010,0.067
8/10/2010,0.084453108
9/10/2010,0.0938
10/10/2010,0.097146201
11/10/2010,0.095
12/10/2010,0.0949
13/10/2010,0.104865589
14/10/2010,0.102
15/10/2010,0.105
16/10/2010,0.101
17/10/2010,0.102
18/10/2010,0.1024
19/10/2010,0.097544892
20/10/2010,0.099
21/10/2010,0.107
22/10/2010,0.1025
23/10/2010,0.104556424
24/10/2010,0.11501
25/10/2010,0.139118553
26/10/2010,0.151
27/10/2010,0.1877
28/10/2010,0.1731
29/10/2010,0.19
30/10/2010,0.197610544
31/10/2010,0.1925
1/11/2010,0.194525061
2/11/2010,0.1938
3/11/2010,0.1931
4/11/2010,0.229275161
5/11/2010,0.259112414
6/11/2010,0.400982303
7/11/2010,0.34
8/11/2010,0.243184629
9/11/2010,0.217272694
10/11/2010,0.229549731
11/11/2010,0.2231
12/11/2010,0.2682
13/11/2010,0.276
14/11/2010,0.27904
15/11/2010,0.268464556
16/11/2010,0.225
17/11/2010,0.241939334
18/11/2010,0.269057791
19/11/2010,0.27829
20/11/2010,0.283015965
21/11/2010,0.27675
22/11/2010,0.285
23/11/2010,0.28295
24/11/2010,0.282905736
25/11/2010,0.28
26/11/2010,0.2844
27/11/2010,0.283
28/11/2010,0.271358679
29/11/2010,0.230559456
30/11/2010,0.2082
1/12/2010,0.2275
2/12/2010,0.255
3/12/2010,0.251060084
4/12/2010,0.205000526
5/12/2010,0.202850018
6/12/2010,0.204
7/12/2010,0.233420386
8/12/2010,0.2388
9/12/2010,0.199991694
10/12/2010,0.204
11/12/2010,0.228
12/12/2010,0.219853612
13/12/2010,0.227605237
14/12/2010,0.24669
15/12/2010,0.24
16/12/2010,0.24996
17/12/2010,0.242655815
18/12/2010,0.241
19/12/2010,0.2401
20/12/2010,0.267
21/12/2010,0.241436002
22/12/2010,0.25
23/12/2010,0.249970128
24/12/2010,0.248
25/12/2010,0.2499
26/12/2010,0.264962127
27/12/2010,0.264785389
28/12/2010,0.281
29/12/2010,0.3
30/12/2010,0.3
31/12/2010,0.3
1/01/2011,0.3
2/01/2011,0.29997
3/01/2011,0.295
4/01/2011,0.29895
5/01/2011,0.298916302
6/01/2011,0.298
7/01/2011,0.32
8/01/2011,0.3229
9/01/2011,0.323
10/01/2011,0.32659
11/01/2011,0.32659
12/01/2011,0.318799621
13/01/2011,0.3176
14/01/2011,0.399990006
15/01/2011,0.386
16/01/2011,0.38679
17/01/2011,0.3495
18/01/2011,0.31299
19/01/2011,0.31299
20/01/2011,0.39
21/01/2011,0.41991
22/01/2011,0.440035529
23/01/2011,0.4424
24/01/2011,0.4199
25/01/2011,0.41
26/01/2011,0.41508513
27/01/2011,0.4212
28/01/2011,0.444484044
29/01/2011,0.439
30/01/2011,0.477142034
31/01/2011,0.52513687
1/02/2011,0.707510117
2/02/2011,0.725434822
3/02/2011,0.693898368
4/02/2011,0.810958971
5/02/2011,0.911671477
6/02/2011,0.898
7/02/2011,0.88942137
8/02/2011,0.918
9/02/2011,1.016050245
10/02/2011,0.979652963
11/02/2011,1.054069454
12/02/2011,1.078703284
13/02/2011,1.05
14/02/2011,1.070012624
15/02/2011,1.05
16/02/2011,1.031687629
17/02/2011,1.039923198
18/02/2011,0.898955915
19/02/2011,0.944028117
20/02/2011,0.865
21/02/2011,0.835747428
22/02/2011,0.87704178
23/02/2011,0.9
24/02/2011,0.989095266
25/02/2011,0.914652002
26/02/2011,0.958
27/02/2011,0.895033115
28/02/2011,0.860220923
1/03/2011,0.921096892
2/03/2011,0.9399
3/03/2011,0.939073383
4/03/2011,0.9011
5/03/2011,0.907840607
6/03/2011,0.884770973
7/03/2011,0.877583864
8/03/2011,0.866071591
9/03/2011,0.86
10/03/2011,0.92067031
11/03/2011,0.88
12/03/2011,0.917815513
13/03/2011,0.89249
14/03/2011,0.893924923
15/03/2011,0.87224
16/03/2011,0.851211666
17/03/2011,0.82542
18/03/2011,0.801959208
19/03/2011,0.765
20/03/2011,0.7415
21/03/2011,0.75897
22/03/2011,0.809130293
23/03/2011,0.84971
24/03/2011,0.872374366
25/03/2011,0.88377
26/03/2011,0.8552
27/03/2011,0.822
28/03/2011,0.7947405
29/03/2011,0.792509942
30/03/2011,0.789706312
31/03/2011,0.78461
1/04/2011,0.77411
2/04/2011,0.78199
3/04/2011,0.779
4/04/2011,0.68
5/04/2011,0.715691835
6/04/2011,0.74
7/04/2011,0.7538
8/04/2011,0.74999
9/04/2011,0.734060517
10/04/2011,0.733156821
11/04/2011,0.770113933
12/04/2011,0.861381608
13/04/2011,0.930320058
14/04/2011,0.998629766
15/04/2011,0.983673137
16/04/2011,1.046632858
17/04/2011,1.098122098
18/04/2011,1.149433312
19/04/2011,1.185162221
20/04/2011,1.142125985
21/04/2011,1.207338872
22/04/2011,1.404505082
23/04/2011,1.828852301
24/04/2011,1.63198422
25/04/2011,1.564483635
26/04/2011,1.77084089
27/04/2011,1.903175959
28/04/2011,2.285744466
29/04/2011,2.85060509
30/04/2011,3.5
1/05/2011,3.094227553
2/05/2011,3.2
3/05/2011,3.360585704
4/05/2011,3.408673047
5/05/2011,3.343736684
6/05/2011,3.455075584
7/05/2011,3.641262978
8/05/2011,3.848668377
9/05/2011,3.804089582
10/05/2011,5.651667002
11/05/2011,5.439751044
12/05/2011,6.334878694
13/05/2011,8.139034867
14/05/2011,7.007243829
15/05/2011,6.924924845
16/05/2011,7.885140745
17/05/2011,7.257199541
18/05/2011,6.763163362
19/05/2011,6.890143632
20/05/2011,5.618096219
21/05/2011,6.084800667
22/05/2011,6.71195604
23/05/2011,7.065256784
24/05/2011,7.402660582
25/05/2011,8.569289637
26/05/2011,8.782155434
27/05/2011,8.528658468
28/05/2011,8.34926912
29/05/2011,8.400953472
30/05/2011,8.779342465
31/05/2011,8.721576422
1/06/2011,9.623777232
2/06/2011,10.70276023
3/06/2011,14.26464677
4/06/2011,18.31273873
5/06/2011,16.5433424
6/06/2011,18.40209864
7/06/2011,23.23787846
8/06/2011,29.02992133
9/06/2011,28.79054402
10/06/2011,24.04939923
11/06/2011,14.74974663
12/06/2011,18.85014473
13/06/2011,19.54232911
14/06/2011,19.25773551
15/06/2011,19.46414262
16/06/2011,17.92936254
17/06/2011,15.43636891
18/06/2011,16.87540454
19/06/2011,17.51071679
20/06/2011,17.51071679
21/06/2011,17.51071679
22/06/2011,17.51071679
23/06/2011,17.51071679
24/06/2011,17.51071679
25/06/2011,17.51071679
26/06/2011,16.36134202
27/06/2011,16.75228581
28/06/2011,16.96183531
29/06/2011,16.85456832
30/06/2011,16.18526278
1/07/2011,15.4203574
2/07/2011,15.38284407
3/07/2011,15.45755056
4/07/2011,13.85279681
5/07/2011,12.96481771
6/07/2011,14.71478358
7/07/2011,14.79728916
8/07/2011,14.2990377
9/07/2011,14.38150067
10/07/2011,14.62293755
11/07/2011,14.31015543
12/07/2011,14.02127262
13/07/2011,13.97145452
14/07/2011,13.99797455
15/07/2011,13.80639041
16/07/2011,13.7130793
17/07/2011,13.25813531
18/07/2011,13.63052125
19/07/2011,13.82479484
20/07/2011,13.67833059
21/07/2011,13.61180844
22/07/2011,13.69854733
23/07/2011,13.68171834
24/07/2011,13.99251518
25/07/2011,14.03342538
26/07/2011,13.87803232
27/07/2011,13.87822476
28/07/2011,13.49159108
29/07/2011,13.51231639
30/07/2011,13.54028067
31/07/2011,13.3729061
1/08/2011,13.01911385
2/08/2011,12.21415644
3/08/2011,9.286356914
4/08/2011,10.76850375
5/08/2011,9.73015396
6/08/2011,6.964169736
7/08/2011,8.501793292
8/08/2011,7.775337638
9/08/2011,9.802499481
10/08/2011,10.05125313
11/08/2011,9.438412995
12/08/2011,9.452993285
13/08/2011,10.00402474
14/08/2011,10.80682077
15/08/2011,11.13069655
16/08/2011,10.99196557
17/08/2011,10.96396406
18/08/2011,10.85847146
19/08/2011,11.67047304
20/08/2011,11.45973174
21/08/2011,11.35448134
22/08/2011,10.92089582
23/08/2011,10.91724505
24/08/2011,10.87044429
25/08/2011,9.546093674
26/08/2011,8.126920163
27/08/2011,8.596497607
28/08/2011,9.0308664
29/08/2011,8.961157271
30/08/2011,8.809948738
31/08/2011,8.199151764
1/09/2011,8.234281665
2/09/2011,8.621424438
3/09/2011,8.449653441
4/09/2011,8.203470602
5/09/2011,7.597332525
6/09/2011,6.846530029
7/09/2011,7.162970274
8/09/2011,6.67818
9/09/2011,4.986777042
10/09/2011,4.742846655
11/09/2011,5.852903973
12/09/2011,6.090629472
13/09/2011,5.802523277
14/09/2011,5.59743261
15/09/2011,4.867755185
16/09/2011,4.831168101
17/09/2011,4.775285635
18/09/2011,5.236732278
19/09/2011,5.520376692
20/09/2011,6.146665552
21/09/2011,5.597067498
22/09/2011,5.475048777
23/09/2011,5.56342142
24/09/2011,5.457889687
25/09/2011,5.341154881
26/09/2011,4.873826081
27/09/2011,4.911157793
28/09/2011,4.763415321
29/09/2011,4.777660978
30/09/2011,5.14368591
1/10/2011,5.034070545
2/10/2011,5.007062597
3/10/2011,5.02284486
4/10/2011,4.956805621
5/10/2011,4.885067131
6/10/2011,4.730166296
7/10/2011,4.276035757
8/10/2011,3.981252994
9/10/2011,4.111634643
10/10/2011,4.074962484
11/10/2011,4.008924496
12/10/2011,4.166235342
13/10/2011,4.03698109
14/10/2011,3.986280885
15/10/2011,3.83733856
16/10/2011,3.609741717
17/10/2011,2.581246722
18/10/2011,2.422274738
19/10/2011,2.217254713
20/10/2011,2.356123508
21/10/2011,2.570092305
22/10/2011,3.155486139
23/10/2011,3.14775093
24/10/2011,2.522935998
25/10/2011,2.801923831
26/10/2011,2.777505239
27/10/2011,3.045407828
28/10/2011,3.179639437
29/10/2011,3.569188969
30/10/2011,3.257403723
31/10/2011,3.265098213
1/11/2011,3.171007743
2/11/2011,3.255800567
3/11/2011,3.168316385
4/11/2011,3.120118172
5/11/2011,2.977817598
6/11/2011,2.962720577
7/11/2011,3.017757687
8/11/2011,3.056567111
9/11/2011,2.919567224
10/11/2011,2.856702085
11/11/2011,3.067861733
12/11/2011,3.025522996
13/11/2011,2.986373303
14/11/2011,2.224224464
15/11/2011,2.322384116
16/11/2011,2.546780931
17/11/2011,2.279095836
18/11/2011,2.105066003
19/11/2011,2.203456722
20/11/2011,2.20198951
21/11/2011,2.279879165
22/11/2011,2.322458596
23/11/2011,2.330323568
24/11/2011,2.438879
25/11/2011,2.496161003
26/11/2011,2.471799969
27/11/2011,2.477564951
28/11/2011,2.541240252
29/11/2011,2.757698483
30/11/2011,2.966041546
1/12/2011,3.08258945
2/12/2011,3.100402333
3/12/2011,2.803856185
4/12/2011,2.819693976
5/12/2011,2.874796227
6/12/2011,3.025360451
7/12/2011,2.985502421
8/12/2011,2.991880483
9/12/2011,2.955791952
10/12/2011,3.068975267
11/12/2011,3.249268847
12/12/2011,3.187335357
13/12/2011,3.241088409
14/12/2011,3.155086504
15/12/2011,3.203138541
16/12/2011,3.209137777
17/12/2011,3.192541704
18/12/2011,3.194010809
19/12/2011,3.525773919
20/12/2011,3.952550827
21/12/2011,3.888993251
22/12/2011,3.903060421
23/12/2011,3.937965076
24/12/2011,3.939419119
25/12/2011,4.233866878
26/12/2011,3.999121964
27/12/2011,4.095518546
28/12/2011,4.207295876
29/12/2011,4.173352227
30/12/2011,4.31063509
31/12/2011,4.714306331
1/01/2012,5.294842777
2/01/2012,5.204877892
3/01/2012,4.870508829
4/01/2012,5.585706267
5/01/2012,6.874000877
6/01/2012,6.68331664
7/01/2012,6.796227981
8/01/2012,7.096650566
9/01/2012,6.288538342
10/01/2012,6.528474555
11/01/2012,6.889127721
12/01/2012,6.773564196
13/01/2012,6.45436889
14/01/2012,6.761727143
15/01/2012,7.046922558
16/01/2012,6.715607667
17/01/2012,5.59962195
18/01/2012,5.900231288
19/01/2012,6.315706342
20/01/2012,6.501491988
21/01/2012,6.180568326
22/01/2012,6.302967227
23/01/2012,6.374876077
24/01/2012,6.274476476
25/01/2012,5.810465072
26/01/2012,5.367226954
27/01/2012,5.303137197
28/01/2012,5.659796775
29/01/2012,5.391429457
30/01/2012,5.503481939
31/01/2012,5.538220296
1/02/2012,6.075232652
2/02/2012,6.099572913
3/02/2012,5.951610928
4/02/2012,5.895413239
5/02/2012,5.678115717
6/02/2012,5.482664058
7/02/2012,5.6620277
8/02/2012,5.61852819
9/02/2012,5.835699854
10/02/2012,5.937834155
11/02/2012,5.612132853
12/02/2012,5.519097169
13/02/2012,5.348354559
14/02/2012,4.483654092
15/02/2012,4.325520322
16/02/2012,4.255239045
17/02/2012,4.391538373
18/02/2012,4.270081278
19/02/2012,4.389551458
20/02/2012,4.365135939
21/02/2012,4.315115602
22/02/2012,4.419310288
23/02/2012,5.039515118
24/02/2012,5.025608759
25/02/2012,4.772567381
26/02/2012,4.926420852
27/02/2012,4.952515756
28/02/2012,4.857257776
29/02/2012,4.872748756
1/03/2012,4.922072124
2/03/2012,4.714823587
3/03/2012,4.628193252
4/03/2012,4.834144482
5/03/2012,4.982392904
6/03/2012,4.987841352
7/03/2012,4.949112885
8/03/2012,4.934979495
9/03/2012,4.872297847
10/03/2012,4.841423805
11/03/2012,4.892028752
12/03/2012,4.910839379
13/03/2012,5.290880279
14/03/2012,5.390543292
15/03/2012,5.340820899
16/03/2012,5.339574791
17/03/2012,5.236003554
18/03/2012,5.270148985
19/03/2012,4.678672553
20/03/2012,4.830830216
21/03/2012,4.817229525
22/03/2012,4.729608505
23/03/2012,4.691643177
24/03/2012,4.651986266
25/03/2012,4.552270262
26/03/2012,4.63272236
27/03/2012,4.811340735
28/03/2012,4.790589392
29/03/2012,4.794066572
30/03/2012,4.861409357
31/03/2012,4.889776873
1/04/2012,4.793325677
2/04/2012,4.983045479
3/04/2012,4.956233193
4/04/2012,4.917842178
5/04/2012,4.920849245
6/04/2012,4.949107432
7/04/2012,4.70971191
8/04/2012,4.778818849
9/04/2012,4.852547381
10/04/2012,4.841417594
11/04/2012,4.915250717
12/04/2012,4.901158147
13/04/2012,4.934406733
14/04/2012,4.956364661
15/04/2012,4.961600338
16/04/2012,4.950764569
17/04/2012,4.968744508
18/04/2012,5.124377443
19/04/2012,5.130906511
20/04/2012,5.366515968
21/04/2012,5.282550339
22/04/2012,5.195608995
23/04/2012,5.110888192
24/04/2012,5.087867262
25/04/2012,5.148816245
26/04/2012,5.097419286
27/04/2012,5.09588734
28/04/2012,4.970736653
29/04/2012,4.902606178
30/04/2012,4.94211681
1/05/2012,4.987137227
2/05/2012,5.053437354
3/05/2012,5.118872979
4/05/2012,5.085507088
5/05/2012,5.056639565
6/05/2012,5.047800773
7/05/2012,5.067555867
8/05/2012,5.023466423
9/05/2012,5.041306236
10/05/2012,4.92748872
11/05/2012,4.963709977
12/05/2012,4.946532235
13/05/2012,4.944795054
14/05/2012,5.011435922
15/05/2012,5.0336404
16/05/2012,5.087784509
17/05/2012,5.089661686
18/05/2012,5.118301483
19/05/2012,5.112545811
20/05/2012,5.094200968
21/05/2012,5.09422131
22/05/2012,5.089139189
23/05/2012,5.1288589
24/05/2012,5.119157759
25/05/2012,5.137276807
26/05/2012,5.103978805
27/05/2012,5.134616135
28/05/2012,5.136325419
29/05/2012,5.148470698
30/05/2012,5.138264569
31/05/2012,5.181639721
1/06/2012,5.266943758
2/06/2012,5.24363906
3/06/2012,5.212704985
4/06/2012,5.258765857
5/06/2012,5.426014295
6/06/2012,5.446169422
7/06/2012,5.58716981
8/06/2012,5.622529102
9/06/2012,5.557002335
10/06/2012,5.457893569
11/06/2012,5.586996982
12/06/2012,5.727491299
13/06/2012,5.909301324
14/06/2012,5.962023182
15/06/2012,6.523380719
16/06/2012,6.444158282
17/06/2012,6.199966488
18/06/2012,6.310844669
19/06/2012,6.494826716
20/06/2012,6.693551056
21/06/2012,6.672262504
22/06/2012,6.563761698
23/06/2012,6.447541689
24/06/2012,6.350494039
25/06/2012,6.31747363
26/06/2012,6.432860829
27/06/2012,6.615713402
28/06/2012,6.590064633
29/06/2012,6.658776757
30/06/2012,6.680427623
1/07/2012,6.626860092
2/07/2012,6.743478051
3/07/2012,6.449992403
4/07/2012,6.514835333
5/07/2012,6.642398604
6/07/2012,6.672181189
7/07/2012,6.808273712
8/07/2012,6.796317688
9/07/2012,7.032395886
10/07/2012,7.178580036
11/07/2012,7.185147789
12/07/2012,7.55593565
13/07/2012,7.630921256
14/07/2012,7.580129178
15/07/2012,7.62723486
16/07/2012,8.493405677
17/07/2012,8.751984855
18/07/2012,9.095192686
19/07/2012,8.879533414
20/07/2012,8.532450679
21/07/2012,8.875645841
22/07/2012,8.506562544
23/07/2012,8.531211269
24/07/2012,8.574585171
25/07/2012,8.769347273
26/07/2012,8.875765046
27/07/2012,8.891459894
28/07/2012,8.842560894
29/07/2012,8.747680659
30/07/2012,9.088317249
31/07/2012,9.320998402
1/08/2012,9.568020904
2/08/2012,10.5510397
3/08/2012,10.91586475
4/08/2012,10.91971488
5/08/2012,10.80511738
6/08/2012,10.8694465
7/08/2012,10.94127944
8/08/2012,11.0703916
9/08/2012,11.10372474
10/08/2012,11.4475688
11/08/2012,11.54253553
12/08/2012,11.59255239
13/08/2012,11.98496299
14/08/2012,12.18709748
15/08/2012,13.17007735
16/08/2012,13.45079082
17/08/2012,12.07700554
18/08/2012,11.57750716
19/08/2012,7.830621842
20/08/2012,9.979876649
21/08/2012,9.902982018
22/08/2012,9.772554579
23/08/2012,10.08865743
24/08/2012,10.59404259
25/08/2012,10.58367667
26/08/2012,10.54553074
27/08/2012,10.90038008
28/08/2012,10.93295853
29/08/2012,10.8677839
30/08/2012,10.72774884
31/08/2012,10.10240982
1/09/2012,10.00653294
2/09/2012,10.2261162
3/09/2012,10.49713431
4/09/2012,10.36400189
5/09/2012,11.02552288
6/09/2012,11.16076902
7/09/2012,11.07612234
8/09/2012,11.04327003
9/09/2012,11.06209549
10/09/2012,11.1252888
11/09/2012,11.26809296
12/09/2012,11.31528591
13/09/2012,11.38029929
14/09/2012,11.73010762
15/09/2012,11.71839342
16/09/2012,11.88691122
17/09/2012,11.90831716
18/09/2012,12.25965084
19/09/2012,12.5048541
20/09/2012,12.36717665
21/09/2012,12.33365784
22/09/2012,12.21372763
23/09/2012,12.16546303
24/09/2012,12.11358872
25/09/2012,12.18240539
26/09/2012,12.31981686
27/09/2012,12.3187514
28/09/2012,12.38145739
29/09/2012,12.40475151
30/09/2012,12.39162247
1/10/2012,12.38939516
2/10/2012,12.8072381
3/10/2012,12.95543049
4/10/2012,12.86238578
5/10/2012,12.75221942
6/10/2012,12.50512971
7/10/2012,11.87399709
8/10/2012,11.73332975
9/10/2012,11.82866344
10/10/2012,12.10918848
11/10/2012,12.06755181
12/10/2012,12.02806816
13/10/2012,11.92680383
14/10/2012,11.65057796
15/10/2012,11.90830953
16/10/2012,11.84801807
17/10/2012,11.91938816
18/10/2012,11.92593284
19/10/2012,11.7574858
20/10/2012,11.69437755
21/10/2012,11.65741141
22/10/2012,11.74107791
23/10/2012,11.70778173
24/10/2012,11.63435239
25/10/2012,10.75362982
26/10/2012,10.13061949
27/10/2012,10.4581863
28/10/2012,10.70996208
29/10/2012,10.63073898
30/10/2012,10.85932306
31/10/2012,11.14607184
1/11/2012,10.61353575
2/11/2012,10.53050364
3/11/2012,10.65074702
4/11/2012,10.79688289
5/11/2012,10.74082074
6/11/2012,10.8681975
7/11/2012,10.95409894
8/11/2012,10.89269937
9/11/2012,10.81586722
10/11/2012,10.86326044
11/11/2012,10.84184064
12/11/2012,11.03134246
13/11/2012,10.99800278
14/11/2012,10.95895242
15/11/2012,11.17510986
16/11/2012,11.70504483
17/11/2012,11.7500424
18/11/2012,11.66563103
19/11/2012,11.75052935
20/11/2012,11.69917032
21/11/2012,11.72913518
22/11/2012,12.29199795
23/11/2012,12.28028762
24/11/2012,12.4132044
25/11/2012,12.52968949
26/11/2012,12.18462624
27/11/2012,12.15927538
28/11/2012,12.33165983
29/11/2012,12.49766165
30/11/2012,12.58613893
1/12/2012,12.59238687
2/12/2012,12.49794476
3/12/2012,12.65695784
4/12/2012,13.36958958
5/12/2012,13.31275022
6/12/2012,13.47792454
7/12/2012,13.47728245
8/12/2012,13.49998441
9/12/2012,13.34651089
10/12/2012,13.49225658
11/12/2012,13.61541567
12/12/2012,13.66821364
13/12/2012,13.75525152
14/12/2012,13.60092225
15/12/2012,13.53094829
16/12/2012,13.33286108
17/12/2012,13.32007195
18/12/2012,13.27203387
19/12/2012,13.53854318
20/12/2012,13.57002703
21/12/2012,13.428968
22/12/2012,13.42721391
23/12/2012,13.31810576
24/12/2012,13.42666267
25/12/2012,13.365567
26/12/2012,13.45469902
27/12/2012,13.39930318
28/12/2012,13.45550722
29/12/2012,13.37400386
30/12/2012,13.4450138
31/12/2012,13.54555244
1/01/2013,13.33137142
2/01/2013,13.28060681
3/01/2013,13.38408115
4/01/2013,13.45172115
5/01/2013,13.45940677
6/01/2013,13.50449651
7/01/2013,13.55606166
8/01/2013,13.78035063
9/01/2013,13.82095526
10/01/2013,14.12317286
11/01/2013,14.22762112
12/01/2013,14.21428566
13/01/2013,14.16078827
14/01/2013,14.31797032
15/01/2013,14.31363775
16/01/2013,14.70781405
17/01/2013,15.59859974
18/01/2013,15.71579112
19/01/2013,15.5881264
20/01/2013,15.71959214
21/01/2013,16.78101952
22/01/2013,17.30017884
23/01/2013,17.53639542
24/01/2013,16.90108607
25/01/2013,17.40720203
26/01/2013,17.55362918
27/01/2013,17.86462801
28/01/2013,18.79426487
29/01/2013,19.51471419
30/01/2013,19.73744669
31/01/2013,20.51164303
1/02/2013,20.44309196
2/02/2013,19.63590171
3/02/2013,20.57893968
4/02/2013,20.44048796
5/02/2013,20.65934473
6/02/2013,21.20856553
7/02/2013,22.11776518
8/02/2013,22.78736505
9/02/2013,23.73386015
10/02/2013,23.90028936
11/02/2013,24.49727269
12/02/2013,24.97973641
13/02/2013,24.64165093
14/02/2013,27.28238982
15/02/2013,27.17126923
16/02/2013,27.34616356
17/02/2013,26.92725138
18/02/2013,26.92886764
19/02/2013,29.41362438
20/02/2013,29.81980723
21/02/2013,29.81806892
22/02/2013,30.47265653
23/02/2013,29.80645455
24/02/2013,29.88284849
25/02/2013,30.35203309
26/02/2013,31.15553735
27/02/2013,31.24026108
28/02/2013,33.37529394
1/03/2013,34.60625703
2/03/2013,34.14351592
3/03/2013,34.45174048
4/03/2013,36.37626525
5/03/2013,40.67295399
6/03/2013,43.28499619
7/03/2013,41.94744072
8/03/2013,43.90292891
9/03/2013,46.88858661
10/03/2013,46.06603846
11/03/2013,48.27507458
12/03/2013,44.41354526
13/03/2013,47.01619085
14/03/2013,46.92556255
15/03/2013,46.90251725
16/03/2013,47.1570157
17/03/2013,47.33349978
18/03/2013,51.36543639
19/03/2013,59.49860111
20/03/2013,63.6874855
21/03/2013,70.91752501
22/03/2013,69.84608454
23/03/2013,64.38311637
24/03/2013,71.69042421
25/03/2013,74.31408925
26/03/2013,78.61419743
27/03/2013,88.85207991
28/03/2013,87.67317396
29/03/2013,90.29569936
30/03/2013,92.18995999
31/03/2013,93.89923842
1/04/2013,103.5803469
2/04/2013,116.6799442
3/04/2013,131.3848094
4/04/2013,133.0071205
5/04/2013,142.6260655
6/04/2013,143.081823
7/04/2013,162.8522146
8/04/2013,186.3511618
9/04/2013,230.6829967
10/04/2013,161.1928897
11/04/2013,82.90158504
12/04/2013,111.4763732
13/04/2013,97.60907187
14/04/2013,88.8614914
15/04/2013,80.87469317
16/04/2013,68.28313873
17/04/2013,92.86403691
18/04/2013,108.6283451
19/04/2013,119.0122832
20/04/2013,128.2082889
21/04/2013,118.4832438
22/04/2013,126.3142718
23/04/2013,142.1272181
24/04/2013,154.1332778
25/04/2013,141.0086593
26/04/2013,137.2096004
27/04/2013,128.2266696
28/04/2013,134.6235696
29/04/2013,143.8103782
30/04/2013,139.1296475
1/05/2013,116.113801
2/05/2013,106.3409847
3/05/2013,96.31684027
4/05/2013,112.4976364
5/05/2013,116.4887158
6/05/2013,112.1185962
7/05/2013,111.6092129
8/05/2013,113.1360619
9/05/2013,111.9745327
10/05/2013,117.6910369
11/05/2013,115.4997777
12/05/2013,114.8856756
13/05/2013,117.4044566
14/05/2013,107.8655666
15/05/2013,108.9868524
16/05/2013,112.9178741
17/05/2013,117.284616
18/05/2013,118.1698767
19/05/2013,117.0338802
20/05/2013,117.8186365
21/05/2013,117.2520409
22/05/2013,118.9781736
23/05/2013,123.726156
24/05/2013,128.9710807
25/05/2013,128.8449153
26/05/2013,130.1586011
27/05/2013,126.3929059
28/05/2013,125.9045953
29/05/2013,129.5648124
30/05/2013,126.5130684
31/05/2013,127.8164889
1/06/2013,128.7911511
2/06/2013,122.6267089
3/06/2013,122.9491879
4/06/2013,120.1899687
5/06/2013,120.8699238
6/06/2013,119.0539757
7/06/2013,110.1977314
8/06/2013,109.1785453
9/06/2013,99.90360345
10/06/2013,104.3575666
11/06/2013,107.5075205
12/06/2013,106.3781163
13/06/2013,101.3238977
14/06/2013,99.2132443
15/06/2013,99.87503741
16/06/2013,99.03835126
17/06/2013,100.1263051
18/06/2013,104.2891764
19/06/2013,104.4171508
20/06/2013,104.3234997
21/06/2013,101.4168574
22/06/2013,100.0395085
23/06/2013,100.3147446
24/06/2013,99.04568323
25/06/2013,97.83278872
26/06/2013,98.65170076
27/06/2013,96.8039496
28/06/2013,89.42450672
29/06/2013,88.79729106
30/06/2013,89.48090766
1/07/2013,82.86757013
2/07/2013,87.81646669
3/07/2013,77.6913308
4/07/2013,79.13487084
5/07/2013,67.44762385
6/07/2013,66.34168089
7/07/2013,72.10952237
8/07/2013,73.98855377
9/07/2013,74.89191087
10/07/2013,85.01367914
11/07/2013,87.49754939
12/07/2013,90.04669871
13/07/2013,91.5925979
14/07/2013,89.89226928
15/07/2013,93.79615254
16/07/2013,91.78103565
17/07/2013,91.03135126
18/07/2013,84.96172912
19/07/2013,86.2387946
20/07/2013,84.91085915
21/07/2013,85.66435026
22/07/2013,85.64902864
23/07/2013,86.97705669
24/07/2013,88.15173057
25/07/2013,90.16609223
26/07/2013,89.98398597
27/07/2013,88.16527586
28/07/2013,92.7458422
29/07/2013,93.29869725
30/07/2013,96.65955289
31/07/2013,98.02441993
1/08/2013,96.56801783
2/08/2013,96.07453068
3/08/2013,95.50670953
4/08/2013,96.36548217
5/08/2013,97.52713384
6/08/2013,97.6712066
7/08/2013,97.0542069
8/08/2013,94.25727177
9/08/2013,92.47277674
10/08/2013,93.29355289
11/08/2013,94.27131239
12/08/2013,95.44647078
13/08/2013,97.75907508
14/08/2013,99.12128755
15/08/2013,98.10633314
16/08/2013,98.29096026
17/08/2013,99.63050438
18/08/2013,99.17803974
19/08/2013,102.7840123
20/08/2013,104.500211
21/08/2013,110.8016037
22/08/2013,109.5232168
23/08/2013,107.6975716
24/08/2013,108.882675
25/08/2013,113.0825634
26/08/2013,112.1181148
27/08/2013,117.7597908
28/08/2013,118.3174144
29/08/2013,118.8356382
30/08/2013,124.8853796
31/08/2013,128.377979
1/09/2013,130.536372
2/09/2013,129.5653717
3/09/2013,129.1828036
4/09/2013,122.5292387
5/09/2013,122.370085
6/09/2013,117.8611464
7/09/2013,119.8149895
8/09/2013,118.0573863
9/09/2013,121.2592726
10/09/2013,122.2155302
11/09/2013,127.0882271
12/09/2013,126.7807236
13/09/2013,127.4077452
14/09/2013,124.3484775
15/09/2013,125.0764179
16/09/2013,126.204666
17/09/2013,126.8972501
18/09/2013,126.9038194
19/09/2013,124.1809573
20/09/2013,122.9216359
21/09/2013,123.5082569
22/09/2013,123.1249351
23/09/2013,122.865699
24/09/2013,123.7973577
25/09/2013,123.6140786
26/09/2013,124.6856745
27/09/2013,126.6053477
28/09/2013,126.7965517
29/09/2013,127.1086277
30/09/2013,126.0902618
1/10/2013,127.5754243
2/10/2013,104.1050929
3/10/2013,117.575495
4/10/2013,121.9303477
5/10/2013,121.3934027
6/10/2013,122.4752613
7/10/2013,123.9068726
8/10/2013,124.7665289
9/10/2013,125.9335203
10/10/2013,126.7046505
11/10/2013,127.2552992
12/10/2013,127.851263
13/10/2013,132.4156587
14/10/2013,135.3391949
15/10/2013,141.4939085
16/10/2013,138.3279219
17/10/2013,143.7471338
18/10/2013,152.7755722
19/10/2013,165.7727171
20/10/2013,166.5001511
21/10/2013,179.9106286
22/10/2013,190.4027814
23/10/2013,204.600351
24/10/2013,194.4100438
25/10/2013,185.6437876
26/10/2013,179.808218
27/10/2013,194.5461333
28/10/2013,196.2746873
29/10/2013,204.4281742
30/10/2013,197.9005994
31/10/2013,203.2836499
1/11/2013,203.0371098
2/11/2013,204.7928814
3/11/2013,210.2753826
4/11/2013,228.7910389
5/11/2013,243.6416689
6/11/2013,263.209584
7/11/2013,290.1242262
8/11/2013,333.7506565
9/11/2013,331.0511485
10/11/2013,327.5586535
11/11/2013,342.6976929
12/11/2013,354.6454883
13/11/2013,394.5044952
14/11/2013,416.7063033
15/11/2013,408.3987973
16/11/2013,435.7984428
17/11/2013,485.3365769
18/11/2013,657.7785039
19/11/2013,546.8783973
20/11/2013,595.3390996
21/11/2013,720.7644253
22/11/2013,802.9169337
23/11/2013,834.29534
24/11/2013,807.1666955
25/11/2013,816.2433866
26/11/2013,916.0971601
27/11/2013,962.9105609
28/11/2013,1007.387164
29/11/2013,1128.725488
30/11/2013,1119.296715
1/12/2013,964.4857937
2/12/2013,1040.808218
3/12/2013,1053.621027
4/12/2013,1134.932231
5/12/2013,1027.411773
6/12/2013,824.5817103
7/12/2013,703.748376
8/12/2013,783.5733483
9/12/2013,896.0792899
10/12/2013,977.1653673
11/12/2013,875.4640343
12/12/2013,873.324806
13/12/2013,879.1561353
14/12/2013,852.8561205
15/12/2013,864.0616579
16/12/2013,677.8941068
17/12/2013,682.6267727
18/12/2013,526.1209763
19/12/2013,685.525129
20/12/2013,600.2169543
21/12/2013,597.0335025
22/12/2013,615.0130353
23/12/2013,657.9266342
24/12/2013,650.6647452
25/12/2013,678.2901581
26/12/2013,749.996595
27/12/2013,722.5705675
28/12/2013,715.8523631
29/12/2013,727.2712157
30/12/2013,735.7419971
31/12/2013,729.5575829
1/01/2014,752.4045499
2/01/2014,784.9549213
3/01/2014,807.222939
4/01/2014,828.6020626
5/01/2014,902.4873803
6/01/2014,914.4599608
7/01/2014,803.3517962
8/01/2014,820.6900095
9/01/2014,831.3347505
10/01/2014,853.2988548
11/01/2014,889.5558371
12/01/2014,845.1913322
13/01/2014,822.8770122
14/01/2014,815.2936027
15/01/2014,841.0898574
16/01/2014,815.8548003
17/01/2014,792.8295065
18/01/2014,809.7835284
19/01/2014,838.4284747
20/01/2014,828.8852166
21/01/2014,823.8179638
22/01/2014,818.9763863
23/01/2014,810.9224252
24/01/2014,781.042514
25/01/2014,804.4032408
26/01/2014,814.4993814
27/01/2014,742.701375
28/01/2014,790.1764019
29/01/2014,793.3844249
30/01/2014,799.4744798
31/01/2014,803.2375988
1/02/2014,813.2195492
2/02/2014,814.4908704
3/02/2014,806.9974284
4/02/2014,800.0782319
5/02/2014,784.4736928
6/02/2014,763.5693822
7/02/2014,711.5712734
8/02/2014,677.6823009
9/02/2014,687.4060546
10/02/2014,685.4574988
11/02/2014,671.8996917
12/02/2014,653.7657809
13/02/2014,612.918415
14/02/2014,668.7886027
15/02/2014,654.3770602
16/02/2014,623.2503219
17/02/2014,631.3345963
18/02/2014,627.2717614
19/02/2014,623.5401369
20/02/2014,563.7685611
21/02/2014,580.324316
22/02/2014,607.1246333
23/02/2014,610.0823237
24/02/2014,542.2666508
25/02/2014,533.7076444
26/02/2014,587.5785883
27/02/2014,585.3939257
28/02/2014,551.2947703
1/03/2014,567.5342354
2/03/2014,558.5277072
3/03/2014,676.5057328
4/03/2014,674.5113994
5/03/2014,670.3388511
6/03/2014,667.712834
7/03/2014,631.7702952
8/03/2014,621.5241145
9/03/2014,640.5788893
10/03/2014,628.1512412
11/03/2014,633.7338382
12/03/2014,634.6468237
13/03/2014,643.4321009
14/03/2014,628.30859
15/03/2014,636.2186501
16/03/2014,634.168901
17/03/2014,622.7602086
18/03/2014,614.3095137
19/03/2014,610.5112035
20/03/2014,586.6075957
21/03/2014,569.694518
22/03/2014,564.7000267
23/03/2014,558.9588617
24/03/2014,585.0232505
25/03/2014,583.7711891
26/03/2014,579.2438504
27/03/2014,483.1640126
28/03/2014,498.6613289
29/03/2014,489.5170235
30/03/2014,458.9663283
31/03/2014,455.3553541
1/04/2014,479.0084659
2/04/2014,439.0114925
3/04/2014,449.4411515
4/04/2014,449.7198697
5/04/2014,461.6753315
6/04/2014,458.6334805
7/04/2014,448.6552751
8/04/2014,452.8030988
9/04/2014,442.8379849
10/04/2014,366.9118661
11/04/2014,421.9435281
12/04/2014,424.2742126
13/04/2014,416.3623217
14/04/2014,461.1082466
15/04/2014,521.6152996
16/04/2014,531.4818467
17/04/2014,499.8375515
18/04/2014,483.0200135
19/04/2014,504.3655952
20/04/2014,501.5571844
21/04/2014,498.0845303
22/04/2014,489.50351
23/04/2014,490.6329675
24/04/2014,503.291801
25/04/2014,466.4261713
26/04/2014,459.2267098
27/04/2014,438.7093637
28/04/2014,441.5478055
29/04/2014,447.7099308
30/04/2014,448.8757155
1/05/2014,460.1946983
2/05/2014,452.2397798
3/05/2014,438.978588
4/05/2014,436.6753986
5/05/2014,432.338179
6/05/2014,430.1282054
7/05/2014,442.1828761
8/05/2014,440.4027627
9/05/2014,452.6979997
10/05/2014,456.7558463
11/05/2014,439.114476
12/05/2014,441.2809556
13/05/2014,439.005775
14/05/2014,444.8482057
15/05/2014,446.9615587
16/05/2014,448.7421537
17/05/2014,449.2222893
18/05/2014,446.9626414
19/05/2014,447.4048568
20/05/2014,490.3356482
21/05/2014,493.9334918
22/05/2014,526.8142884
23/05/2014,523.6993203
24/05/2014,527.6912431
25/05/2014,573.3124588
26/05/2014,584.8479749
27/05/2014,573.9282692
28/05/2014,579.1893188
29/05/2014,570.3493109
30/05/2014,620.8463606
31/05/2014,627.8924207
1/06/2014,630.0749535
2/06/2014,663.5057238
3/06/2014,672.3878971
4/06/2014,643.8873688
5/06/2014,661.5035582
6/06/2014,650.1333159
7/06/2014,656.8002718
8/06/2014,657.8199749
9/06/2014,648.3363223
10/06/2014,650.9366096
11/06/2014,631.4890222
12/06/2014,591.9750771
13/06/2014,597.0449997
14/06/2014,575.5594617
15/06/2014,589.7246464
16/06/2014,590.5674822
17/06/2014,609.0800029
18/06/2014,607.629796
19/06/2014,595.7514769
20/06/2014,591.5315228
21/06/2014,592.7643495
22/06/2014,599.6346335
23/06/2014,589.5522998
24/06/2014,579.9737186
25/06/2014,562.23678
26/06/2014,580.7492303
27/06/2014,600.6383054
28/06/2014,594.3903042
29/06/2014,600.8405184
30/06/2014,638.946114
1/07/2014,642.9565967
2/07/2014,651.2983477
3/07/2014,646.4133891
4/07/2014,630.6355029
5/07/2014,630.4683419
6/07/2014,634.6726745
7/07/2014,622.854979
8/07/2014,624.8943311
9/07/2014,621.9390918
10/07/2014,616.5228498
11/07/2014,634.4943781
12/07/2014,636.9239579
13/07/2014,629.8757504
14/07/2014,619.1974591
15/07/2014,621.9346014
16/07/2014,616.3518822
17/07/2014,624.259275
18/07/2014,630.7501403
19/07/2014,629.1733644
20/07/2014,625.2486762
21/07/2014,621.3053314
22/07/2014,619.8232645
23/07/2014,619.7728168
24/07/2014,602.8796455
25/07/2014,601.5785143
26/07/2014,594.7026072
27/07/2014,591.5754442
28/07/2014,587.493005
29/07/2014,584.1123933
30/07/2014,562.9146251
31/07/2014,581.975562
1/08/2014,596.5067592
2/08/2014,589.7572615
3/08/2014,586.7537367
4/08/2014,587.6083355
5/08/2014,581.8819886
6/08/2014,582.2483714
7/08/2014,586.0466335
8/08/2014,589.0244126
9/08/2014,588.9785213
10/08/2014,589.373502
11/08/2014,573.4414839
12/08/2014,568.3075202
13/08/2014,548.3701753
14/08/2014,505.1074997
15/08/2014,500.3230601
16/08/2014,521.7479629
17/08/2014,497.764659
18/08/2014,468.9579182
19/08/2014,486.7943507
20/08/2014,515.1203539
21/08/2014,519.3078521
22/08/2014,516.1593688
23/08/2014,497.1257595
24/08/2014,508.430742
25/08/2014,501.6102867
26/08/2014,511.8523217
27/08/2014,510.1623238
28/08/2014,506.2851517
29/08/2014,508.8665719
30/08/2014,501.2757233
31/08/2014,478.5114255
1/09/2014,474.5414898
2/09/2014,474.4306707
3/09/2014,473.9592034
4/09/2014,489.5552013
5/09/2014,478.7497829
6/09/2014,480.6424918
7/09/2014,478.3655009
8/09/2014,468.9754959
9/09/2014,473.5120272
10/09/2014,477.7784176
11/09/2014,477.2706821
12/09/2014,473.9972823
13/09/2014,477.960974
14/09/2014,475.648064
15/09/2014,472.6556297
16/09/2014,464.1777545
17/09/2014,456.3398913
18/09/2014,426.880107
19/09/2014,393.8938907
20/09/2014,411.0413428
21/09/2014,400.4045307
22/09/2014,400.8816222
23/09/2014,438.491801
24/09/2014,423.7000918
25/09/2014,409.5377499
26/09/2014,405.2982519
27/09/2014,400.5993346
28/09/2014,375.5499898
29/09/2014,373.0645579
30/09/2014,389.2640404
1/10/2014,382.9093659
2/10/2014,372.525699
3/10/2014,357.6657136
4/10/2014,328.8261131
5/10/2014,322.8262615
6/10/2014,326.8035327
7/10/2014,333.5701949
8/10/2014,354.4073343
9/10/2014,361.7164249
10/10/2014,358.8903908
11/10/2014,361.908377
12/10/2014,377.8712437
13/10/2014,391.9942089
14/10/2014,400.8805921
15/10/2014,394.6258799
16/10/2014,382.3214763
17/10/2014,382.2007896
18/10/2014,391.2931771
19/10/2014,388.684498
20/10/2014,381.1908586
21/10/2014,385.2046335
22/10/2014,380.7787633
23/10/2014,357.3447931
24/10/2014,357.488434
25/10/2014,345.8112466
26/10/2014,353.0819562
27/10/2014,350.0157119
28/10/2014,354.6538051
29/10/2014,333.5993501
30/10/2014,344.6093822
31/10/2014,337.1829126
1/11/2014,324.371315
2/11/2014,324.2485666
3/11/2014,325.3618656
4/11/2014,329.657704
5/11/2014,338.8057653
6/11/2014,349.6899117
7/11/2014,342.1332881
8/11/2014,345.7163326
9/11/2014,363.6100517
10/11/2014,365.5022539
11/11/2014,367.825467
12/11/2014,422.5914196
13/11/2014,421.9144717
14/11/2014,398.3888828
15/11/2014,377.9938407
16/11/2014,390.2058235
17/11/2014,387.5010316
18/11/2014,373.8645646
19/11/2014,377.613398
20/11/2014,356.1812653
21/11/2014,350.7488589
22/11/2014,352.4555146
23/11/2014,367.7732423
24/11/2014,376.9942238
25/11/2014,376.75563
26/11/2014,367.5302081
27/11/2014,369.5302274
28/11/2014,377.8969319
29/11/2014,376.0763355
30/11/2014,378.6903971
1/12/2014,379.111979
2/12/2014,382.9467963
3/12/2014,375.9160193
4/12/2014,368.8455681
5/12/2014,378.4283296
6/12/2014,375.1379512
7/12/2014,376.6397931
8/12/2014,363.2156768
9/12/2014,351.1068378
10/12/2014,347.8813939
11/12/2014,348.5930061
12/12/2014,353.1906125
13/12/2014,349.2429451
14/12/2014,356.0797215
15/12/2014,347.0951815
16/12/2014,328.6133203
17/12/2014,320.2976134
18/12/2014,313.5116512
19/12/2014,318.2428887
20/12/2014,330.0657583
21/12/2014,320.9926701
22/12/2014,331.8425845
23/12/2014,336.0841286
24/12/2014,323.0322978
25/12/2014,318.9961444
26/12/2014,329.2103419
27/12/2014,315.9684439
28/12/2014,317.0104804
29/12/2014,313.0655316
30/12/2014,310.4420041
31/12/2014,320.6622873
1/01/2015,314.7764719
2/01/2015,315.9427317
3/01/2015,285.6473098
4/01/2015,263.3345748
5/01/2015,275.0038515
6/01/2015,287.549521
7/01/2015,297.5355652
8/01/2015,284.3423919
9/01/2015,292.5011146
10/01/2015,276.2305321
11/01/2015,268.7555155
12/01/2015,268.617232
13/01/2015,224.1081178
14/01/2015,175.6376406
15/01/2015,212.3410114
16/01/2015,207.5952049
17/01/2015,199.8248366
18/01/2015,211.1325184
19/01/2015,216.8946949
20/01/2015,211.9198539
21/01/2015,227.9042104
22/01/2015,233.6473828
23/01/2015,233.1328524
24/01/2015,249.0821239
25/01/2015,254.5179413
26/01/2015,273.9522449
27/01/2015,264.7538045
28/01/2015,235.7358404
29/01/2015,233.9573735
30/01/2015,228.8961899
31/01/2015,217.332156
1/02/2015,227.1113013
2/02/2015,240.0924199
3/02/2015,227.7756958
4/02/2015,226.7811341
5/02/2015,217.0111511
6/02/2015,222.7249693
7/02/2015,228.6471274
8/02/2015,224.0359889
9/02/2015,220.7684939
10/02/2015,220.8881543
11/02/2015,219.4958597
12/02/2015,222.5832279
13/02/2015,236.5553638
14/02/2015,257.6276958
15/02/2015,234.445803
16/02/2015,235.0861268
17/02/2015,243.9057943
18/02/2015,235.9952323
19/02/2015,241.8722539
20/02/2015,245.5307753
21/02/2015,245.5960026
22/02/2015,236.6906683
23/02/2015,239.0660178
24/02/2015,239.8692621
25/02/2015,238.236111
26/02/2015,237.0444024
27/02/2015,255.1167744
28/02/2015,254.9484486
1/03/2015,260.6513308
2/03/2015,276.3226137
3/03/2015,282.7059009
4/03/2015,273.4475365
5/03/2015,276.2688092
6/03/2015,273.3181148
7/03/2015,276.4033574
8/03/2015,275.3380339
9/03/2015,290.130059
10/03/2015,292.3203831
11/03/2015,296.6933293
12/03/2015,295.8003448
13/03/2015,285.9110263
14/03/2015,283.6083063
15/03/2015,287.270142
16/03/2015,291.3921181
17/03/2015,285.2483966
18/03/2015,257.2861601
19/03/2015,262.092948
20/03/2015,262.9664921
21/03/2015,261.1842975
22/03/2015,268.8994158
23/03/2015,266.777993
24/03/2015,246.835083
25/03/2015,246.7191368
26/03/2015,249.5329936
27/03/2015,247.3788983
28/03/2015,253.231614
29/03/2015,242.9676143
30/03/2015,248.3369345
31/03/2015,244.7124857
1/04/2015,247.1858194
2/04/2015,253.6300704
3/04/2015,254.8331636
4/04/2015,253.9458486
5/04/2015,261.1121362
6/04/2015,256.3673869
7/04/2015,254.831898
8/04/2015,245.8252104
9/04/2015,243.8606362
10/04/2015,235.8719006
11/04/2015,237.4090678
12/04/2015,237.1410424
13/04/2015,225.5056359
14/04/2015,219.7572367
15/04/2015,223.3139079
16/04/2015,228.4938153
17/04/2015,222.7850602
18/04/2015,223.3980441
19/04/2015,223.2841353
20/04/2015,224.8949036
21/04/2015,234.9393565
22/04/2015,233.8224188
23/04/2015,235.9332937
24/04/2015,231.4585923
25/04/2015,226.445993
26/04/2015,220.5034068
27/04/2015,227.3259904
28/04/2015,225.5493688
29/04/2015,225.6692884
30/04/2015,236.327976
1/05/2015,232.7465827
2/05/2015,235.5400771
3/05/2015,240.464249
4/05/2015,238.9766613
5/05/2015,236.0233834
6/05/2015,229.4812193
7/05/2015,237.1306873
8/05/2015,244.3834728
9/05/2015,242.70595
10/05/2015,240.7314839
11/05/2015,242.2498372
12/05/2015,242.2090921
13/05/2015,236.5502659
14/05/2015,236.9489167
15/05/2015,237.4845023
16/05/2015,235.8121344
17/05/2015,236.9636829
18/05/2015,232.8838496
19/05/2015,231.9744468
20/05/2015,234.1903063
21/05/2015,235.5538217
22/05/2015,240.3232037
23/05/2015,238.9632817
24/05/2015,240.7117583
25/05/2015,237.0035432
26/05/2015,236.7962613
27/05/2015,237.2035964
28/05/2015,236.9568819
29/05/2015,236.6465266
30/05/2015,232.78877
31/05/2015,229.4505479
1/06/2015,223.2827019
2/06/2015,225.320801
3/06/2015,225.2130634
4/06/2015,223.5400769
5/06/2015,224.7310719
6/06/2015,225.1605132
7/06/2015,223.4116859
8/06/2015,228.7742914
9/06/2015,229.3705295
10/06/2015,228.5884874
11/06/2015,229.5844117
12/06/2015,229.8112185
13/06/2015,233.0153445
14/06/2015,232.5071087
15/06/2015,236.7909629
16/06/2015,251.4326768
17/06/2015,247.9693177
18/06/2015,249.0124795
19/06/2015,244.8034842
20/06/2015,245.5825132
21/06/2015,244.3002601
22/06/2015,247.0178925
23/06/2015,244.1847633
24/06/2015,240.4515453
25/06/2015,242.3478577
26/06/2015,242.9679974
27/06/2015,251.5293267
28/06/2015,249.0582858
29/06/2015,256.6502224
30/06/2015,263.8543569
1/07/2015,258.0426476
2/07/2015,254.7471134
3/07/2015,256.0870428
4/07/2015,260.5092396
5/07/2015,271.3024582
6/07/2015,269.1379401
7/07/2015,266.4699191
8/07/2015,270.5761429
9/07/2015,269.6803048
10/07/2015,285.5587808
11/07/2015,293.9174538
12/07/2015,311.4818799
13/07/2015,292.6492238
14/07/2015,287.7409515
15/07/2015,285.9228854
16/07/2015,278.5327493
17/07/2015,280.0647247
18/07/2015,277.3546353
19/07/2015,275.2819895
20/07/2015,279.114393
21/07/2015,276.6524126
22/07/2015,277.7643691
23/07/2015,276.8116286
24/07/2015,289.3059763
25/07/2015,289.50764
26/07/2015,293.3148428
27/07/2015,294.4267618
28/07/2015,295.4101253
29/07/2015,289.8558364
30/07/2015,288.2362607
31/07/2015,284.5973244
1/08/2015,281.6688463
2/08/2015,282.4230064
3/08/2015,282.1850523
4/08/2015,285.2866175
5/08/2015,282.3388869
6/08/2015,278.9957487
7/08/2015,279.4887151
8/08/2015,261.4502756
9/08/2015,266.3420205
10/08/2015,264.9288252
11/08/2015,271.4217361
12/08/2015,268.1438685
13/08/2015,264.691628
14/08/2015,266.3559416
15/08/2015,261.9368366
16/08/2015,258.9308174
17/08/2015,258.0093983
18/08/2015,217.8858831
19/08/2015,227.2182519
20/08/2015,235.5238831
21/08/2015,232.8006178
22/08/2015,230.6391733
23/08/2015,228.6730739
24/08/2015,211.9559176
25/08/2015,222.6550395
26/08/2015,226.1167002
27/08/2015,224.9398773
28/08/2015,232.1708083
29/08/2015,229.8262002
30/08/2015,229.0195725
31/08/2015,230.6894661
1/09/2015,227.9555704
2/09/2015,229.5021807
3/09/2015,227.1071216
4/09/2015,231.1775634
5/09/2015,235.9030061
6/09/2015,240.8054722
7/09/2015,240.6336157
8/09/2015,244.1749527
9/09/2015,238.7224632
10/09/2015,238.7504772
11/09/2015,240.8450081
12/09/2015,236.3518322
13/09/2015,230.5488373
14/09/2015,230.948794
15/09/2015,230.39859
16/09/2015,229.0432858
17/09/2015,233.2026978
18/09/2015,233.1751309
19/09/2015,232.2415681
20/09/2015,231.3623238
21/09/2015,226.773448
22/09/2015,230.6263048
23/09/2015,230.1324378
24/09/2015,234.3198685
25/09/2015,235.5382218
26/09/2015,234.5918144
27/09/2015,233.2433098
28/09/2015,240.0172653
29/09/2015,237.3362338
30/09/2015,236.739848
1/10/2015,238.2298139
2/10/2015,237.9370073
3/10/2015,239.7358977
4/10/2015,239.5169249
5/10/2015,240.9612138
6/10/2015,246.9404982
7/10/2015,243.7344868
8/10/2015,243.029633
9/10/2015,244.4488875
10/10/2015,245.9559243
11/10/2015,248.5281654
12/10/2015,246.0936373
13/10/2015,250.4713007
14/10/2015,253.1423255
15/10/2015,254.693015
16/10/2015,262.7373632
17/10/2015,271.9309389
18/10/2015,263.4816774
19/10/2015,264.3627282
20/10/2015,270.8322119
21/10/2015,268.0402177
22/10/2015,275.4149565
23/10/2015,278.612778
24/10/2015,283.6111429
25/10/2015,286.0496935
26/10/2015,286.7033828
27/10/2015,295.5629138
28/10/2015,304.442097
29/10/2015,314.8794623
30/10/2015,328.4923212
31/10/2015,314.1195082
1/11/2015,329.8542276
2/11/2015,364.616628
3/11/2015,400.9231052
4/11/2015,405.4816815
5/11/2015,384.341223
6/11/2015,372.9754179
7/11/2015,386.5045508
8/11/2015,372.4001297
9/11/2015,380.4956444
10/11/2015,337.8305023
11/11/2015,308.9221859
12/11/2015,337.5229886
13/11/2015,337.2789582
14/11/2015,333.0471175
15/11/2015,319.9280216
16/11/2015,331.132725
17/11/2015,335.8497861
18/11/2015,335.744505
19/11/2015,326.2321455
20/11/2015,321.9404755
21/11/2015,325.9052312
22/11/2015,323.7169661
23/11/2015,323.0125563
24/11/2015,319.9613565
25/11/2015,328.9604573
26/11/2015,356.2552925
27/11/2015,359.2688244
28/11/2015,356.5673226
29/11/2015,371.7076125
30/11/2015,377.3898399
1/12/2015,362.5323758
2/12/2015,359.2224041
3/12/2015,361.2100681
4/12/2015,363.2416318
5/12/2015,389.3629588
6/12/2015,393.3191297
7/12/2015,395.3465883
8/12/2015,413.7986604
9/12/2015,417.6326712
10/12/2015,415.7299243
11/12/2015,453.8614801
12/12/2015,435.8557224
13/12/2015,434.4034664
14/12/2015,442.9916897
15/12/2015,464.6178717
16/12/2015,454.1424924
17/12/2015,456.2401346
18/12/2015,463.1757697
19/12/2015,461.3999079
20/12/2015,442.1539901
21/12/2015,437.6401295
22/12/2015,435.268379
23/12/2015,442.6657271
24/12/2015,455.878713
25/12/2015,455.7188258
26/12/2015,418.2215316
27/12/2015,422.7058945
28/12/2015,421.0528796
29/12/2015,431.3400213
30/12/2015,426.043647
31/12/2015,429.6771534
1/01/2016,434.6780064
2/01/2016,434.4398773
3/01/2016,430.13618
4/01/2016,433.4489711
5/01/2016,432.6695026
6/01/2016,430.6778697
7/01/2016,459.2089401
8/01/2016,454.1344237
9/01/2016,449.8452162
10/01/2016,448.5802162
11/01/2016,449.033059
12/01/2016,441.7681572
13/01/2016,432.3106452
14/01/2016,429.8232247
15/01/2016,367.8231999
16/01/2016,388.0712046
17/01/2016,382.4820865
18/01/2016,384.8651666
19/01/2016,378.161725
20/01/2016,420.6229242
21/01/2016,409.2984597
22/01/2016,381.0464594
23/01/2016,386.3706026
24/01/2016,403.4469267
25/01/2016,391.9860973
26/01/2016,391.1429351
27/01/2016,394.6275304
28/01/2016,378.9009956
29/01/2016,378.9999948
30/01/2016,377.2627791
31/01/2016,366.3416876
1/02/2016,371.2234351
2/02/2016,372.9276312
3/02/2016,368.0982066
4/02/2016,389.7230812
5/02/2016,384.398414
6/02/2016,374.6315555
7/02/2016,375.1539176
8/02/2016,370.8143503
9/02/2016,373.5116129
10/02/2016,379.0826116
11/02/2016,377.6391651
12/02/2016,382.2944565
13/02/2016,389.5984325
14/02/2016,406.1506695
15/02/2016,399.2676186
16/02/2016,407.0353095
17/02/2016,415.3241134
18/02/2016,421.289663
19/02/2016,419.6265285
20/02/2016,440.1957601
21/02/2016,438.7186127
22/02/2016,437.5352951
23/02/2016,420.0325926
24/02/2016,423.9951125
25/02/2016,424.0908703
26/02/2016,431.762242
27/02/2016,432.947846
28/02/2016,433.1022627
29/02/2016,437.7758726
1/03/2016,432.8078672
2/03/2016,423.0797894
3/03/2016,419.2688213
4/03/2016,407.9901543
5/03/2016,397.3144539
6/03/2016,403.7051875
7/03/2016,413.2293662
8/03/2016,411.4259532
9/03/2016,412.5407035
10/03/2016,416.3409287
11/03/2016,419.5119342
12/03/2016,410.2641633
13/03/2016,411.8058825
14/03/2016,415.0269573
15/03/2016,415.2664003
16/03/2016,417.0241185
17/03/2016,418.6053638
18/03/2016,408.9015874
19/03/2016,409.1244299
20/03/2016,412.0569538
21/03/2016,411.6017741
22/03/2016,416.5816538
23/03/2016,417.3782995
24/03/2016,413.5602399
25/03/2016,416.3732438
26/03/2016,416.8230967
27/03/2016,425.4549598
28/03/2016,422.9174468
29/03/2016,415.8638288
30/03/2016,412.7776978
31/03/2016,415.9568112
1/04/2016,417.2006603
2/04/2016,419.7630567
3/04/2016,420.0735789
4/04/2016,419.5407279
5/04/2016,422.5013644
6/04/2016,421.9071912
7/04/2016,421.46722
8/04/2016,418.6434605
9/04/2016,418.7586354
10/04/2016,421.9544885
11/04/2016,423.273044
12/04/2016,427.4276646
13/04/2016,424.8725181
14/04/2016,425.856595
15/04/2016,430.7244188
16/04/2016,432.216313
17/04/2016,429.3399687
18/04/2016,429.6569337
19/04/2016,437.5687262
20/04/2016,442.6616533
21/04/2016,452.1647028
22/04/2016,448.1344213
23/04/2016,453.914723
24/04/2016,463.3828714
25/04/2016,465.3160067
26/04/2016,469.6087645
27/04/2016,445.7411131
28/04/2016,451.0600618
29/04/2016,457.0099652
30/04/2016,449.9004845
1/05/2016,455.0107312
2/05/2016,444.9330612
3/05/2016,451.6288504
4/05/2016,448.3679676
5/05/2016,449.3360725
6/05/2016,461.6938624
7/05/2016,461.3618425
8/05/2016,461.3788723
9/05/2016,463.4622317
10/05/2016,451.0796683
11/05/2016,453.8963053
12/05/2016,455.6072559
13/05/2016,457.2419027
14/05/2016,458.1195248
15/05/2016,460.8577206
16/05/2016,455.2240773
17/05/2016,453.545777
18/05/2016,454.4861841
19/05/2016,437.7241871
20/05/2016,442.3967992
21/05/2016,444.0782072
22/05/2016,440.5586688
23/05/2016,444.2050573
24/05/2016,445.6744549
25/05/2016,450.5495272
26/05/2016,454.4337224
27/05/2016,471.8201173
28/05/2016,530.9105979
29/05/2016,527.5497124
30/05/2016,533.493149
31/05/2016,530.9436928
1/06/2016,537.6136788
2/06/2016,538.7712432
3/06/2016,570.1759883
4/06/2016,574.2662016
5/06/2016,575.137638
6/06/2016,585.857149
7/06/2016,578.4692407
8/06/2016,583.0975853
9/06/2016,577.1016997
10/06/2016,579.8149936
11/06/2016,605.449557
12/06/2016,670.3923743
13/06/2016,704.3217781
14/06/2016,684.9483194
15/06/2016,695.0014684
16/06/2016,767.4200313
17/06/2016,750.0146339
18/06/2016,758.2887801
19/06/2016,766.7671327
20/06/2016,722.4974524
21/06/2016,669.6042047
22/06/2016,594.8329746
23/06/2016,627.6778556
24/06/2016,664.1269857
25/06/2016,668.8726841
26/06/2016,630.4342421
27/06/2016,652.2448077
28/06/2016,647.2187684
29/06/2016,638.5863456
30/06/2016,674.2848147
1/07/2016,677.5123857
2/07/2016,702.7393168
3/07/2016,662.5500859
4/07/2016,679.8424534
5/07/2016,668.1659813
6/07/2016,677.6513331
7/07/2016,640.0532361
8/07/2016,665.0517084
9/07/2016,651.941914
10/07/2016,649.959341
11/07/2016,650.2725947
12/07/2016,670.023128
13/07/2016,658.3336134
14/07/2016,660.9059602
15/07/2016,666.7586711
16/07/2016,665.2756222
17/07/2016,681.089602
18/07/2016,675.1185792
19/07/2016,674.6603603
20/07/2016,667.3053649
21/07/2016,666.8517393
22/07/2016,650.5629116
23/07/2016,657.377943
24/07/2016,661.3939798
25/07/2016,655.1195778
26/07/2016,654.6263392
27/07/2016,656.2751469
28/07/2016,656.1964534
29/07/2016,657.5575675
30/07/2016,655.3617302
31/07/2016,624.8044871
1/08/2016,606.5092479
2/08/2016,526.9811483
3/08/2016,570.3470409
4/08/2016,583.542158
5/08/2016,581.2798057
6/08/2016,590.795403
7/08/2016,594.732324
8/08/2016,591.6292839
9/08/2016,587.9321382
10/08/2016,589.9687583
11/08/2016,589.5858847
12/08/2016,587.1916496
13/08/2016,585.3635816
14/08/2016,571.3870625
15/08/2016,566.5644413
16/08/2016,578.4149241
17/08/2016,573.6637444
18/08/2016,573.263192
19/08/2016,573.9584579
20/08/2016,581.7970701
21/08/2016,580.7921926
22/08/2016,584.9718977
23/08/2016,582.6277474
24/08/2016,578.7018317
25/08/2016,576.0334366
26/08/2016,578.8746534
27/08/2016,570.2009937
28/08/2016,575.1052326
29/08/2016,573.4292676
30/08/2016,575.6956984
31/08/2016,572.2727583
1/09/2016,572.221702
2/09/2016,576.8467674
3/09/2016,600.3744068
4/09/2016,610.5389133
5/09/2016,607.5269642
6/09/2016,612.9954583
7/09/2016,615.6598191
8/09/2016,630.550172
9/09/2016,622.977884
10/09/2016,624.7526404
11/09/2016,608.2466759
12/09/2016,607.7073727
13/09/2016,608.6942963
14/09/2016,609.4130877
15/09/2016,607.0702626
16/09/2016,607.806438
17/09/2016,607.3814497
18/09/2016,611.5334603
19/09/2016,608.8713063
20/09/2016,608.3717486
21/09/2016,596.9457566
22/09/2016,595.5647165
23/09/2016,602.3787849
24/09/2016,602.6873597
25/09/2016,600.6100549
26/09/2016,606.7788106
27/09/2016,605.1516137
28/09/2016,604.6864944
29/09/2016,605.202562
30/09/2016,608.8658407
1/10/2016,615.4084788
2/10/2016,611.7485783
3/10/2016,612.5903474
4/10/2016,610.0078814
5/10/2016,612.1477809
6/10/2016,611.7608628
7/10/2016,617.9057051
8/10/2016,619.3010018
9/10/2016,617.1010413
10/10/2016,618.0852
11/10/2016,642.9813873
12/10/2016,636.5979322
13/10/2016,635.4440953
14/10/2016,639.5860903
15/10/2016,637.2837593
16/10/2016,642.9130425
17/10/2016,639.1375365
18/10/2016,635.5765086
19/10/2016,629.640708
20/10/2016,628.5989011
21/10/2016,630.9062034
22/10/2016,654.508631
23/10/2016,651.9619568
24/10/2016,650.0271672
25/10/2016,655.7925051
26/10/2016,675.1098693
27/10/2016,686.5233271
28/10/2016,690.3906549
29/10/2016,715.4454693
30/10/2016,699.333411
31/10/2016,698.897728
1/11/2016,730.57848
2/11/2016,740.3670555
3/11/2016,689.939207
4/11/2016,705.4320167
5/11/2016,706.8193256
6/11/2016,715.8968798
7/11/2016,706.1812168
8/11/2016,711.8358466
9/11/2016,721.5015099
10/11/2016,713.4076156
11/11/2016,715.7033106
12/11/2016,703.8475511
13/11/2016,703.6264353
14/11/2016,705.6435842
15/11/2016,712.3471528
16/11/2016,742.0501176
17/11/2016,735.3180805
18/11/2016,749.5787273
19/11/2016,751.2138194
20/11/2016,730.3508136
21/11/2016,736.5069839
22/11/2016,747.997678
23/11/2016,741.2403179
24/11/2016,737.354976
25/11/2016,739.6852002
26/11/2016,734.6529259
27/11/2016,727.7411158
28/11/2016,730.0824838
29/11/2016,731.6464357
30/11/2016,742.2044513
1/12/2016,753.6749101
2/12/2016,772.3023827
3/12/2016,766.1104681
4/12/2016,766.3801391
5/12/2016,752.6707262
6/12/2016,759.1173258
7/12/2016,764.9876501
8/12/2016,767.6592246
9/12/2016,771.9023211
10/12/2016,775.4745613
11/12/2016,770.4961505
12/12/2016,778.5065991
13/12/2016,778.9306946
14/12/2016,776.9639615
15/12/2016,776.176782
16/12/2016,782.2302159
17/12/2016,789.6029322
18/12/2016,790.6329665
19/12/2016,790.2790317
20/12/2016,799.7775207
21/12/2016,828.4836793
22/12/2016,858.501434
23/12/2016,915.5624383
24/12/2016,891.1552721
25/12/2016,896.0032793
26/12/2016,903.2012466
27/12/2016,925.9508105
28/12/2016,979.960974
29/12/2016,973.4625594
30/12/2016,961.1826582
31/12/2016,968.970597
1/01/2017,997.257358
2/01/2017,1017.077886
3/01/2017,1032.609053
4/01/2017,1134.496445
5/01/2017,1000.498129
6/01/2017,892.4639556
7/01/2017,903.4532836
8/01/2017,912.4849971
9/01/2017,903.5086668
10/01/2017,906.4989474
11/01/2017,788.314656
12/01/2017,807.1098335
13/01/2017,826.7469274
14/01/2017,820.0451573
15/01/2017,824.5470652
16/01/2017,830.8380351
17/01/2017,906.0268281
18/01/2017,881.2598154
19/01/2017,902.26387
20/01/2017,895.1745162
21/01/2017,924.4682595
22/01/2017,922.4670774
23/01/2017,919.1157441
24/01/2017,887.7431938
25/01/2017,895.6900333
26/01/2017,916.6674686
27/01/2017,920.4544635
28/01/2017,922.7749486
29/01/2017,915.6320231
30/01/2017,920.3132608
31/01/2017,968.4991057
1/02/2017,987.5325904
2/02/2017,1007.704366
3/02/2017,1015.302039
4/02/2017,1033.785973
5/02/2017,1014.567876
6/02/2017,1023.317481
7/02/2017,1053.624459
8/02/2017,1052.367645
9/02/2017,982.7519395
10/02/2017,996.6501531
11/02/2017,1011.375322
12/02/2017,1006.296465
13/02/2017,999.953185
14/02/2017,1012.213464
15/02/2017,1013.903841
16/02/2017,1036.806865
17/02/2017,1058.66992
18/02/2017,1060.668805
19/02/2017,1058.7864
20/02/2017,1088.688429
21/02/2017,1128.855293
22/02/2017,1129.701791
23/02/2017,1188.861786
24/02/2017,1185.488892
25/02/2017,1151.604737
26/02/2017,1181.710866
27/02/2017,1194.15245
28/02/2017,1188.399941
1/03/2017,1228.459651
2/03/2017,1262.931467
3/03/2017,1289.363191
4/03/2017,1268.940664
5/03/2017,1276.273683
6/03/2017,1282.254657
7/03/2017,1234.476462
8/03/2017,1152.139389
9/03/2017,1193.455527
10/03/2017,1098.530149
11/03/2017,1176.822921
12/03/2017,1231.748357
13/03/2017,1239.396296
14/03/2017,1246.536565
15/03/2017,1258.651381
16/03/2017,1178.02075
17/03/2017,1072.082538
18/03/2017,962.5690562
19/03/2017,1020.220254
20/03/2017,1037.756346
21/03/2017,1111.818264
22/03/2017,1037.30257
23/03/2017,1028.172856
24/03/2017,935.0634962
25/03/2017,968.5433293
26/03/2017,962.9580546
27/03/2017,1042.919198
28/03/2017,1045.162932
29/03/2017,1039.688616
30/03/2017,1037.987661
31/03/2017,1081.743531
1/04/2017,1089.524772
2/04/2017,1105.562956
3/04/2017,1144.664771
4/04/2017,1141.921919
5/04/2017,1135.811644
6/04/2017,1194.596459
7/04/2017,1191.731451
8/04/2017,1184.41772
9/04/2017,1213.63414
10/04/2017,1211.649876
11/04/2017,1229.784933
12/04/2017,1216.114368
13/04/2017,1172.55834
14/04/2017,1174.333234
15/04/2017,1175.562189
16/04/2017,1173.69138
17/04/2017,1191.901201
18/04/2017,1202.131458
19/04/2017,1209.560909
20/04/2017,1235.803075
21/04/2017,1247.33607
22/04/2017,1243.550393
23/04/2017,1250.001483
24/04/2017,1257.239442
25/04/2017,1279.864717
26/04/2017,1296.485457
27/04/2017,1345.889956
28/04/2017,1347.985156
29/04/2017,1357.715253
30/04/2017,1381.956372
1/05/2017,1436.941488
2/05/2017,1463.819068
3/05/2017,1519.408944
4/05/2017,1539.830052
5/05/2017,1529.850443
6/05/2017,1573.28551
7/05/2017,1526.267772
8/05/2017,1685.086496
9/05/2017,1719.228014
10/05/2017,1782.499
11/05/2017,1835.487548
12/05/2017,1704.661641
13/05/2017,1779.840257
14/05/2017,1794.593551
15/05/2017,1736.882846
16/05/2017,1757.026949
17/05/2017,1808.746065
18/05/2017,1894.247265
19/05/2017,1967.545548
20/05/2017,2048.117678
21/05/2017,2045.222493
22/05/2017,2078.9435
23/05/2017,2257.288364
24/05/2017,2415.007227
25/05/2017,2319.601379
26/05/2017,2279.418584
27/05/2017,2044.3005
28/05/2017,2225.700867
29/05/2017,2284.715797
30/05/2017,2167.264478
31/05/2017,2299.43261
1/06/2017,2399.887632
2/06/2017,2479.423894
3/06/2017,2549.551952
4/06/2017,2524.993834
5/06/2017,2685.318917
6/06/2017,2871.341677
7/06/2017,2706.760009
8/06/2017,2802.563547
9/06/2017,2804.872267
10/06/2017,2916.32786
11/06/2017,2974.214559
12/06/2017,2665.43327
13/06/2017,2707.137824
14/06/2017,2443.824451
15/06/2017,2409.886764
16/06/2017,2476.359095
17/06/2017,2652.755363
18/06/2017,2508.214207
19/06/2017,2589.642213
20/06/2017,2733.226556
21/06/2017,2639.261314
22/06/2017,2686.647514
23/06/2017,2685.870471
24/06/2017,2562.189149
25/06/2017,2497.728941
26/06/2017,2426.365051
27/06/2017,2530.345536
28/06/2017,2562.792264
29/06/2017,2540.443032
30/06/2017,2452.712064
1/07/2017,2412.366213
2/07/2017,2518.872187
3/07/2017,2551.927432
4/07/2017,2599.74475
5/07/2017,2608.104891
6/07/2017,2603.195474
7/07/2017,2495.780922
8/07/2017,2553.494158
9/07/2017,2506.173214
10/07/2017,2319.366897
11/07/2017,2319.167441
12/07/2017,2374.886266
13/07/2017,2343.738348
14/07/2017,2214.825237
15/07/2017,1989.63319
16/07/2017,1910.749542
17/07/2017,2215.746296
18/07/2017,2303.761146
19/07/2017,2257.065236
20/07/2017,2823.897926
21/07/2017,2666.139718
22/07/2017,2829.754055
23/07/2017,2753.243865
24/07/2017,2755.159524
25/07/2017,2558.692999
26/07/2017,2522.324646
27/07/2017,2665.147546
28/07/2017,2793.833485
29/07/2017,2706.450765
30/07/2017,2749.384528
31/07/2017,2862.611291
1/08/2017,2727.389182
2/08/2017,2690.145672
3/08/2017,2789.746312
4/08/2017,2860.272843
5/08/2017,3237.423363
6/08/2017,3230.116709
7/08/2017,3392.562419
8/08/2017,3425.676617
9/08/2017,3347.215432
10/08/2017,3437.032155
11/08/2017,3660.520537
12/08/2017,3871.082406
13/08/2017,4063.801053
14/08/2017,4304.603931
15/08/2017,4160.030546
16/08/2017,4364.678575
17/08/2017,4308.516861
18/08/2017,4108.507162
19/08/2017,4160.332457
20/08/2017,4085.810394
21/08/2017,3992.626035
22/08/2017,4074.330461
23/08/2017,4146.915345
24/08/2017,4325.816428
25/08/2017,4353.131773
26/08/2017,4341.978717
27/08/2017,4344.903445
28/08/2017,4379.763921
29/08/2017,4600.456831
30/08/2017,4586.632737
31/08/2017,4740.356218
1/09/2017,4918.166245
2/09/2017,4595.020018
3/09/2017,4625.296314
4/09/2017,4374.753496
5/09/2017,4454.052538
6/09/2017,4607.51653
7/09/2017,4635.111876
8/09/2017,4345.457656
9/09/2017,4335.59345
10/09/2017,4261.843521
11/09/2017,4212.547573
12/09/2017,4164.319434
13/09/2017,3887.118587
14/09/2017,3247.468739
15/09/2017,3699.222944
16/09/2017,3711.234351
17/09/2017,3711.856204
18/09/2017,4080.428443
19/09/2017,3925.73619
20/09/2017,3895.777079
21/09/2017,3617.243466
22/09/2017,3619.213718
23/09/2017,3775.600594
24/09/2017,3676.896944
25/09/2017,3918.738071
26/09/2017,3890.090937
27/09/2017,4207.787485
28/09/2017,4187.769796
29/09/2017,4155.01012
30/09/2017,4334.544613
1/10/2017,4382.086898
2/10/2017,4386.875715
3/10/2017,4306.564642
4/10/2017,4216.684821
5/10/2017,4319.420916
6/10/2017,4365.91571
7/10/2017,4438.855933
8/10/2017,4600.739797
9/10/2017,4777.534657
10/10/2017,4741.077915
11/10/2017,4814.967118
12/10/2017,5393.668983
13/10/2017,5614.077515
14/10/2017,5785.738315
15/10/2017,5689.86506
16/10/2017,5756.148812
17/10/2017,5590.416324
18/10/2017,5583.870426
19/10/2017,5708.312991
20/10/2017,6000.88313
21/10/2017,6030.207893
22/10/2017,5996.598139
23/10/2017,5888.250017
24/10/2017,5517.775353
25/10/2017,5736.017802
26/10/2017,5900.317729
27/10/2017,5771.945046
28/10/2017,5762.388577
29/10/2017,6174.728845
30/10/2017,6119.256384
31/10/2017,6428.514637
1/11/2017,6726.411835
2/11/2017,7043.777939
3/11/2017,7198.632111
4/11/2017,7420.498079
5/11/2017,7371.13903
6/11/2017,6985.263844
7/11/2017,7118.202544
8/11/2017,7451.212787
9/11/2017,7117.73805
10/11/2017,6620.567336
11/11/2017,6346.721449
12/11/2017,5829.097828
13/11/2017,6519.445172
14/11/2017,6592.374397
15/11/2017,7257.373212
16/11/2017,7833.704433
17/11/2017,7729.03327
18/11/2017,7796.154241
19/11/2017,8018.320688
20/11/2017,8269.874257
21/11/2017,8091.998084
22/11/2017,8249.59733
23/11/2017,8071.669821
24/11/2017,8232.422333
25/11/2017,8760.165442
26/11/2017,9319.903315
27/11/2017,9730.728579
28/11/2017,9932.19418
29/11/2017,9800.027552
30/11/2017,9996.714972
1/12/2017,10808.95833
2/12/2017,10934.85999
3/12/2017,11213.94266
4/12/2017,11562.12857
5/12/2017,11736.75407
6/12/2017,13992.13234
7/12/2017,17032.29338
8/12/2017,16298.48734
9/12/2017,15050.02195
10/12/2017,15474.99954
11/12/2017,16873.49778
12/12/2017,17433.93074
13/12/2017,16515.15257
14/12/2017,16602.8928
15/12/2017,17702.00217
16/12/2017,19640.51388
17/12/2017,19250.46765
18/12/2017,18982.02502
19/12/2017,17653.32609
20/12/2017,16453.62726
21/12/2017,15633.83365
22/12/2017,14305.71834
23/12/2017,14910.8581
24/12/2017,14026.34687
25/12/2017,14080.94226
26/12/2017,15727.14548
27/12/2017,15389.00057
28/12/2017,14289.45221
29/12/2017,14571.74608
30/12/2017,12948.71588
31/12/2017,13921.48064
1/01/2018,13464.65361
2/01/2018,14754.3222
3/01/2018,15010.28616
4/01/2018,15070.3008
5/01/2018,16997.22741
6/01/2018,17103.58928
7/01/2018,16231.695
8/01/2018,14937.41509
9/01/2018,14378.58622
10/01/2018,14669.08827
11/01/2018,13186.75494
12/01/2018,13789.44366
13/01/2018,14231.22506
14/01/2018,13681.06546
15/01/2018,13591.6962
16/01/2018,11431.04011
17/01/2018,11159.60859
18/01/2018,11246.03973
19/01/2018,11440.25556
20/01/2018,12768.40459
21/01/2018,11422.39426
22/01/2018,10737.35058
23/01/2018,10849.39188
24/01/2018,11225.89617
25/01/2018,11130.46495
26/01/2018,11035.55461
27/01/2018,11320.97019
28/01/2018,11615.95871
29/01/2018,11132.55431
30/01/2018,9959.546715
31/01/2018,10050.0958
1/02/2018,9039.865075
2/02/2018,8786.07738
3/02/2018,9132.100322
4/02/2018,8250.526896
5/02/2018,6849.542559
6/02/2018,7738.64396
7/02/2018,7624.59539
8/02/2018,8218.580852
9/02/2018,8660.453468
10/02/2018,8530.292805
11/02/2018,8096.728481
12/02/2018,8907.670179
13/02/2018,8523.966932
14/02/2018,9467.301033
15/02/2018,10106.73308
16/02/2018,10189.31648
17/02/2018,11085.59841
18/02/2018,10452.09198
19/02/2018,11139.35573
20/02/2018,11245.93232
21/02/2018,10458.86509
22/02/2018,9878.158943
23/02/2018,10159.06561
24/02/2018,9686.60178
25/02/2018,9603.227477
26/02/2018,10312.36571
27/02/2018,10654.10729
28/02/2018,10307.02497
1/03/2018,10923.63086
2/03/2018,11014.05847
3/03/2018,11425.68057
4/03/2018,11462.5832
5/03/2018,11540.66232
6/03/2018,10677.03523
7/03/2018,9903.085049
8/03/2018,9330.475453
9/03/2018,9278.139184
10/03/2018,8786.560423
11/03/2018,9513.5354
12/03/2018,9147.890181
13/03/2018,9160.542933
14/03/2018,8222.127239
15/03/2018,8268.589122
16/03/2018,8376.904498
17/03/2018,7881.661921
18/03/2018,8189.016719
19/03/2018,8537.015623
20/03/2018,8895.547179
21/03/2018,8879.594257
22/03/2018,8710.664935
23/03/2018,8771.746323
24/03/2018,8610.988516
25/03/2018,8440.610923
26/03/2018,8171.184354
27/03/2018,7837.265319
28/03/2018,7933.64273
29/03/2018,7108.570813
30/03/2018,6832.149066
31/03/2018,6922.281297
1/04/2018,6804.524879
2/04/2018,7033.25961
3/04/2018,7420.800515
4/04/2018,6780.543601
5/04/2018,6798.422617
6/04/2018,6610.49235
7/04/2018,6886.469472
8/04/2018,7009.996104
9/04/2018,6736.892824
10/04/2018,6816.718615
11/04/2018,6944.785857
12/04/2018,7904.330275
13/04/2018,7919.064695
14/04/2018,8006.417943
15/04/2018,8342.271101
16/04/2018,8046.982134
17/04/2018,7887.737958
18/04/2018,8162.834862
19/04/2018,8272.967316
20/04/2018,8839.501132
21/04/2018,8863.540829
22/04/2018,8800.959087
23/04/2018,8930.784634
24/04/2018,9652.213789
25/04/2018,8855.508937
26/04/2018,9264.727427
27/04/2018,8981.33079
28/04/2018,9341.824685
29/04/2018,9396.99763
30/04/2018,9228.726484
1/05/2018,9072.168757
2/05/2018,9204.127641
3/05/2018,9750.700146
4/05/2018,9696.64291
5/05/2018,9795.925772
6/05/2018,9595.086819
7/05/2018,9339.510847
8/05/2018,9212.369635
9/05/2018,9293.042274
10/05/2018,9037.530509
11/05/2018,8419.758587
12/05/2018,8485.775267
13/05/2018,8695.833094
14/05/2018,8671.074175
15/05/2018,8488.463421
16/05/2018,8327.756201
17/05/2018,8050.516239
18/05/2018,8233.086455
19/05/2018,8229.482936
20/05/2018,8511.44883
21/05/2018,8398.623127
22/05/2018,8007.526532
23/05/2018,7520.867679
24/05/2018,7575.624486
25/05/2018,7425.375674
26/05/2018,7326.303186
27/05/2018,7338.193044
28/05/2018,7110.823882
29/05/2018,7453.633725
30/05/2018,7374.669049
31/05/2018,7478.741867
1/06/2018,7519.835737
2/06/2018,7637.448253
3/06/2018,7702.157933
4/06/2018,7486.6532
5/06/2018,7611.149853
6/06/2018,7650.775807
7/06/2018,7665.947896
8/06/2018,7622.60233
9/06/2018,7556.171698
10/06/2018,6744.735801
11/06/2018,6849.452687
12/06/2018,6526.69968
13/06/2018,6306.513168
14/06/2018,6629.770124
15/06/2018,6399.674046
16/06/2018,6495.315309
17/06/2018,6450.693973
18/06/2018,6703.81259
19/06/2018,6732.508809
20/06/2018,6753.206826
21/06/2018,6720.373234
22/06/2018,6059.575859
23/06/2018,6174.225779
24/06/2018,6146.487195
25/06/2018,6243.535441
26/06/2018,6096.128766
27/06/2018,6139.189683
28/06/2018,5858.635778
29/06/2018,6220.913715
30/06/2018,6375.541231
1/07/2018,6361.402539
2/07/2018,6608.367157
3/07/2018,6498.307859
4/07/2018,6579.333376
5/07/2018,6535.298403
6/07/2018,6598.459096
7/07/2018,6737.85608
8/07/2018,6704.91998
9/07/2018,6664.024094
10/07/2018,6309.084004
11/07/2018,6377.976511
12/07/2018,6159.466676
13/07/2018,6208.985572
14/07/2018,6255.112479
15/07/2018,6347.604274
16/07/2018,6710.807437
17/07/2018,7320.594828
18/07/2018,7376.038339
19/07/2018,7467.034298
20/07/2018,7327.256683
21/07/2018,7410.56562
22/07/2018,7399.483747
23/07/2018,7716.158627
24/07/2018,8397.616522
25/07/2018,8202.720395
26/07/2018,7913.930778
27/07/2018,8173.774611
28/07/2018,8190.360057
29/07/2018,8229.605839
30/07/2018,8171.839519
31/07/2018,7725.133036
1/08/2018,7596.698012
2/08/2018,7542.694662
3/08/2018,7411.34425
4/08/2018,7002.208653
5/08/2018,7031.587751
6/08/2018,6929.990894
7/08/2018,6722.578433
8/08/2018,6267.388674
9/08/2018,6558.096908
10/08/2018,6135.751859
11/08/2018,6313.749312
12/08/2018,6314.691656
13/08/2018,6265.848044
14/08/2018,6184.829086
15/08/2018,6270.214799
16/08/2018,6290.750455
17/08/2018,6563.078289
18/08/2018,6399.287447
19/08/2018,6490.716127
20/08/2018,6272.952729
21/08/2018,6473.076039
22/08/2018,6365.009832
23/08/2018,6516.409025
24/08/2018,6697.731879
25/08/2018,6745.438939
26/08/2018,6689.869333
27/08/2018,6839.158952
28/08/2018,7092.973808
29/08/2018,7033.428068
30/08/2018,6966.963744
31/08/2018,7025.14078
1/09/2018,7192.352547
2/09/2018,7286.667791
3/09/2018,7257.470214
4/09/2018,7358.811479
5/09/2018,6790.897328
6/09/2018,6488.075937
7/09/2018,6408.653622
8/09/2018,6187.790502
9/09/2018,6249.24631
10/09/2018,6295.388603
11/09/2018,6278.42464
12/09/2018,6327.536363
13/09/2018,6490.912316
14/09/2018,6494.695479
15/09/2018,6524.165667
16/09/2018,6497.404701
17/09/2018,6258.594875
18/09/2018,6340.34779
19/09/2018,6383.951876
20/09/2018,6498.607111
21/09/2018,6741.142899
22/09/2018,6705.476051
23/09/2018,6703.13685
24/09/2018,6576.545003
25/09/2018,6416.444022
26/09/2018,6463.250404
27/09/2018,6677.900489
28/09/2018,6623.12616
29/09/2018,6584.499148
30/09/2018,6604.485028
1/10/2018,6561.813832
2/10/2018,6508.720939
3/10/2018,6464.456844
4/10/2018,6545.285668
5/10/2018,6585.14958
6/10/2018,6550.478316
7/10/2018,6564.56826
8/10/2018,6604.685274
9/10/2018,6590.428622
10/10/2018,6529.102436
11/10/2018,6159.251643
12/10/2018,6191.677223
13/10/2018,6197.685696
14/10/2018,6182.879344
15/10/2018,6442.715414
16/10/2018,6461.937159
17/10/2018,6442.7307
18/10/2018,6396.479812
19/10/2018,6383.07784
20/10/2018,6408.252746
21/10/2018,6415.340503
22/10/2018,6408.033636
23/10/2018,6395.987667
24/10/2018,6413.803641
25/10/2018,6402.324859
26/10/2018,6404.108552
27/10/2018,6409.405328
28/10/2018,6406.633253
29/10/2018,6263.041735
30/10/2018,6272.167728
31/10/2018,6306.316931
1/11/2018,6342.977501
2/11/2018,6348.168583
3/11/2018,6332.434133
4/11/2018,6420.422
5/11/2018,6402.946839
6/11/2018,6441.145219
7/11/2018,6500.869805
8/11/2018,6406.752937
9/11/2018,6331.378767
10/11/2018,6353.112734
11/11/2018,6335.414204
12/11/2018,6320.656054
13/11/2018,6267.937991
14/11/2018,5574.258349
15/11/2018,5538.560608
16/11/2018,5496.016231
17/11/2018,5501.09234
18/11/2018,5555.376338
19/11/2018,4792.200024
20/11/2018,4317.53067
21/11/2018,4549.32201
22/11/2018,4303.615549
23/11/2018,4289.892853
24/11/2018,3806.316925
25/11/2018,3946.850874
26/11/2018,3700.285993
27/11/2018,3776.555905
28/11/2018,4208.475269
29/11/2018,4239.039488
30/11/2018,3973.334052
1/12/2018,4148.073726
2/12/2018,4098.746764
3/12/2018,3843.976666
4/12/2018,3892.951647
5/12/2018,3709.520858
6/12/2018,3511.968982
7/12/2018,3372.995693
8/12/2018,3407.951195
9/12/2018,3540.439576
10/12/2018,3413.592584
11/12/2018,3352.5642
12/12/2018,3423.012918
13/12/2018,3260.341582
14/12/2018,3198.947474
15/12/2018,3185.074044
16/12/2018,3195.414555
17/12/2018,3499.156482
18/12/2018,3659.527379
19/12/2018,3697.725303
20/12/2018,4067.737708
21/12/2018,3839.085108
22/12/2018,3964.946116
23/12/2018,3942.666996
24/12/2018,4040.04579
25/12/2018,3761.584011
26/12/2018,3807.657454
27/12/2018,3585.460536
28/12/2018,3881.054885
29/12/2018,3823.138326
30/12/2018,3825.407463
31/12/2018,3687.19994
1/01/2019,3808.117832
2/01/2019,3898.197488
3/01/2019,3784.388635
4/01/2019,3827.524594
5/01/2019,3798.613955
6/01/2019,4045.993775
7/01/2019,4001.018278
8/01/2019,3992.622789
9/01/2019,4004.259036
10/01/2019,3627.90345
11/01/2019,3624.161421
12/01/2019,3617.022078
13/01/2019,3508.670108
14/01/2019,3666.945194
15/01/2019,3581.293015
16/01/2019,3606.986576
17/01/2019,3640.129131
18/01/2019,3609.426736
19/01/2019,3687.301961
20/01/2019,3538.313723
21/01/2019,3535.623393
22/01/2019,3577.30835
23/01/2019,3551.893821
24/01/2019,3567.588934
25/01/2019,3561.350498
26/01/2019,3557.039915
27/01/2019,3537.614131
28/01/2019,3435.052514
29/01/2019,3395.823763
30/01/2019,3437.895866
31/01/2019,3410.131616
1/02/2019,3445.049891
2/02/2019,3461.935117
3/02/2019,3413.021616
4/02/2019,3411.387962
5/02/2019,3426.465011
6/02/2019,3367.506365
7/02/2019,3358.873599
8/02/2019,3612.479619
9/02/2019,3621.268121
10/02/2019,3642.022359
11/02/2019,3590.618484
12/02/2019,3587.902466
13/02/2019,3576.085373
14/02/2019,3561.916383
15/02/2019,3565.006924
16/02/2019,3584.736003
17/02/2019,3622.757429
18/02/2019,3866.129217
19/02/2019,3895.435211
20/02/2019,3931.613829
21/02/2019,3892.261794
22/02/2019,3948.300511
23/02/2019,4110.151121
24/02/2019,3754.18379
25/02/2019,3822.018697
26/02/2019,3796.175068
27/02/2019,3799.381992
28/02/2019,3792.947723
1/03/2019,3810.632693
2/03/2019,3809.643391
3/03/2019,3782.38187
4/03/2019,3698.161855
5/03/2019,3840.128049
6/03/2019,3851.998425
7/03/2019,3855.923168
8/03/2019,3839.233553
9/03/2019,3910.361167
10/03/2019,3903.911951
11/03/2019,3851.568922
12/03/2019,3858.914824
13/03/2019,3851.957466
14/03/2019,3853.783265
15/03/2019,3901.914207
16/03/2019,3989.796077
17/03/2019,3967.143494
18/03/2019,3969.440146
19/03/2019,3996.167904
20/03/2019,4030.655276
21/03/2019,3976.27385
22/03/2019,3983.887646
23/03/2019,3981.776033
24/03/2019,3970.666988
25/03/2019,3908.238839
26/03/2019,3917.763402
27/03/2019,4027.007918
28/03/2019,4010.937462
29/03/2019,4089.46104
30/03/2019,4091.891038
31/03/2019,4094.317815
1/04/2019,4138.417808
2/04/2019,4903.719462
3/04/2019,4960.227603
4/04/2019,4911.269702
5/04/2019,5033.225484
6/04/2019,5044.356846
7/04/2019,5189.111956
8/04/2019,5283.423025
9/04/2019,5195.577909
10/04/2019,5311.741603
11/04/2019,5050.666009
12/04/2019,5082.861432
13/04/2019,5074.790693
14/04/2019,5156.804041
15/04/2019,5042.897738
16/04/2019,5205.962957
17/04/2019,5226.352215
18/04/2019,5278.50234
19/04/2019,5289.951219
20/04/2019,5313.973262
21/04/2019,5295.733828
22/04/2019,5383.799975
23/04/2019,5544.862712
24/04/2019,5431.94792
25/04/2019,5127.673167
26/04/2019,5150.164661
27/04/2019,5181.807764
28/04/2019,5148.669615
29/04/2019,5148.800493
30/04/2019,5266.618203
1/05/2019,5315.175329
2/05/2019,5393.129376
3/05/2019,5658.430388
4/05/2019,5774.712429
5/05/2019,5728.351702
6/05/2019,5691.688374
7/05/2019,5825.744893
8/05/2019,5931.800595
9/05/2019,6150.140445
10/05/2019,6357.463494
11/05/2019,7325.08286
12/05/2019,6942.623175
13/05/2019,7798.905736
14/05/2019,7955.557682
15/05/2019,8215.206838
16/05/2019,7862.071602
17/05/2019,7326.920682
18/05/2019,7277.987563
19/05/2019,8219.742787
20/05/2019,7981.139379
21/05/2019,7983.808477
22/05/2019,7667.902115
23/05/2019,7897.471294
24/05/2019,7987.100368
25/05/2019,8061.591761
26/05/2019,8731.524956
27/05/2019,8816.786708
28/05/2019,8719.125848
29/05/2019,8655.488506
30/05/2019,8271.621963
31/05/2019,8556.222186
1/06/2019,8554.80733
2/06/2019,8744.353745
3/06/2019,8173.401271
4/06/2019,7649.939332
5/06/2019,7798.544466
6/06/2019,7776.713326
7/06/2019,8023.950093
8/06/2019,7939.805155
9/06/2019,7634.065751
10/06/2019,7993.302539
11/06/2019,7922.483627
12/06/2019,8146.756125
13/06/2019,8232.777341
14/06/2019,8698.004815
15/06/2019,8850.584816
16/06/2019,9019.517007
17/06/2019,9340.572189
18/06/2019,9047.132744
19/06/2019,9285.055677
20/06/2019,9546.719778
21/06/2019,10083.48631
22/06/2019,10685.29523
23/06/2019,10794.4277
24/06/2019,11004.20691
25/06/2019,11726.26383
26/06/2019,12863.46068
27/06/2019,11109.79784
28/06/2019,12358.20796
29/06/2019,11944.35155
30/06/2019,10842.61671
1/07/2019,10569.55173
2/07/2019,10766.08332
3/07/2019,11952.02489
4/07/2019,11177.01038
5/07/2019,10998.3991
6/07/2019,11208.2256
7/07/2019,11456.1836
8/07/2019,12319.62288
9/07/2019,12579.10762
10/07/2019,12106.78293
11/07/2019,11294.67803
12/07/2019,11813.32372
13/07/2019,11346.83715
14/07/2019,10283.07579
15/07/2019,10926.38027
16/07/2019,9471.140865
17/07/2019,9674.882461
18/07/2019,10679.89069
19/07/2019,10532.20273
20/07/2019,10862.64855
21/07/2019,10589.70649
22/07/2019,10318.56093
23/07/2019,9866.64894
24/07/2019,9792.787537
25/07/2019,9897.186786
26/07/2019,9836.696788
27/07/2019,9446.672052
28/07/2019,9529.788792
29/07/2019,9504.158916
30/07/2019,9589.109206
31/07/2019,10059.00402
1/08/2019,10400.30701
2/08/2019,10529.69445
3/08/2019,10810.42167
4/08/2019,10986.50893
5/08/2019,11790.02394
6/08/2019,11423.497
7/08/2019,11967.27355
8/08/2019,11938.23461
9/08/2019,11858.3411
10/08/2019,11303.73056
11/08/2019,11530.19524
12/08/2019,11384.69625
13/08/2019,10867.05476
14/08/2019,10024.37959
15/08/2019,10310.08587
16/08/2019,10373.3219
17/08/2019,10207.15556
18/08/2019,10331.30998
19/08/2019,10884.62977
20/08/2019,10771.39238
21/08/2019,10096.83022
22/08/2019,10119.71452
23/08/2019,10414.14417
24/08/2019,10147.08715
25/08/2019,10100.35678
26/08/2019,10362.64347
27/08/2019,10168.22157
28/08/2019,9724.799978
29/08/2019,9482.311735
30/08/2019,9577.678823
31/08/2019,9605.024461
1/09/2019,9762.936557
2/09/2019,10377.33838
3/09/2019,10618.78151
4/09/2019,10577.24108
5/09/2019,10580.1847
6/09/2019,10330.84973
7/09/2019,10494.50696
8/09/2019,10407.26566
9/09/2019,10332.46444
10/09/2019,10085.95192
11/09/2019,10142.14806
12/09/2019,10403.35997
13/09/2019,10345.33875
14/09/2019,10363.4529
15/09/2019,10306.16967
16/09/2019,10257.82276
17/09/2019,10195.61118
18/09/2019,10161.31887
19/09/2019,10268.39263
20/09/2019,10170.12512
21/09/2019,9986.406108
22/09/2019,10047.01347
23/09/2019,9692.741048
24/09/2019,8613.671249
25/09/2019,8424.157646
26/09/2019,8091.695299
27/09/2019,8186.779639
28/09/2019,8201.979013
29/09/2019,8064.508062
30/09/2019,8282.365454
1/10/2019,8314.55139
2/10/2019,8362.530732
3/10/2019,8254.33991
4/10/2019,8165.686151
5/10/2019,8141.633714
6/10/2019,7854.609813
7/10/2019,8226.023429
8/10/2019,8190.115121
9/10/2019,8598.331921
10/10/2019,8578.090379
11/10/2019,8289.854029
12/10/2019,8323.750144
13/10/2019,8291.250651
14/10/2019,8346.368437
15/10/2019,8160.712628
16/10/2019,8003.855923
17/10/2019,8072.489382
18/10/2019,7959.331994
19/10/2019,7948.477337
20/10/2019,8213.709039
21/10/2019,8211.654559
22/10/2019,8029.205373
23/10/2019,7458.035857
24/10/2019,7454.371138
25/10/2019,8656.655178
26/10/2019,9249.646761
27/10/2019,9558.156044
28/10/2019,9319.178142
29/10/2019,9431.207124
30/10/2019,9182.855065
31/10/2019,9155.277299
1/11/2019,9251.381293
2/11/2019,9300.190838
3/11/2019,9209.638696
4/11/2019,9418.360131
5/11/2019,9330.787223
6/11/2019,9354.933382
7/11/2019,9210.748222
8/11/2019,8791.333935
9/11/2019,8810.784562
10/11/2019,9042.890723
11/11/2019,8713.20793
12/11/2019,8788.958143
13/11/2019,8766.729431
14/11/2019,8645.435804
15/11/2019,8465.877889
16/11/2019,8477.690243
17/11/2019,8505.161223
18/11/2019,8183.533414
19/11/2019,8116.820673
20/11/2019,8076.55466
21/11/2019,7612.277488
22/11/2019,7277.524273
23/11/2019,7324.836179
24/11/2019,6943.380656
25/11/2019,7139.044686
26/11/2019,7165.43773
27/11/2019,7526.863817
28/11/2019,7436.336382
29/11/2019,7747.738042
30/11/2019,7556.193721
1/12/2019,7417.727206
2/12/2019,7318.312522
3/12/2019,7306.446233
4/12/2019,7215.020345
5/12/2019,7404.086795
6/12/2019,7534.208356
7/12/2019,7512.061403
8/12/2019,7528.940269
9/12/2019,7340.227459
10/12/2019,7232.091784
11/12/2019,7200.464446
12/12/2019,7192.849024
13/12/2019,7244.90372
14/12/2019,7071.10709
15/12/2019,7111.28667
16/12/2019,6882.395795
17/12/2019,6608.96198
18/12/2019,7284.625484
19/12/2019,7146.167638
20/12/2019,7184.219172
21/12/2019,7140.298011
22/12/2019,7479.402408
23/12/2019,7321.748724
24/12/2019,7235.629084
25/12/2019,7191.174166
26/12/2019,7194.639758
27/12/2019,7237.150447
28/12/2019,7306.643308
29/12/2019,7391.578521
30/12/2019,7229.397101
31/12/2019,7167.395055
1/01/2020,7170.631869
2/01/2020,6946.825269
3/01/2020,7315.30936
4/01/2020,7343.164194
5/01/2020,7345.530692
6/01/2020,7765.797735
7/01/2020,8136.086842
8/01/2020,8059.699529
9/01/2020,7817.136093
10/01/2020,8129.81792
11/01/2020,8032.005495
12/01/2020,8164.549993
13/01/2020,8121.925668
14/01/2020,8830.167873
15/01/2020,8811.448203
16/01/2020,8718.686998
17/01/2020,8912.541904
18/01/2020,8928.180757
19/01/2020,8687.354837
20/01/2020,8636.258786
21/01/2020,8730.86756
22/01/2020,8647.900474
23/01/2020,8366.384614
24/01/2020,8423.390958
25/01/2020,8344.774569
26/01/2020,8573.87481
27/01/2020,8901.959285
28/01/2020,9297.388318
29/01/2020,9311.947544
30/01/2020,9508.920965
31/01/2020,9357.284782
1/02/2020,9381.886029
2/02/2020,9339.387063
3/02/2020,9279.812521
4/02/2020,9161.627198
5/02/2020,9628.136776
6/02/2020,9739.280436
7/02/2020,9800.2794
8/02/2020,9911.293408
9/02/2020,10151.0832
10/02/2020,9872.361873
11/02/2020,10272.22256
12/02/2020,10360.13522
13/02/2020,10235.49732
14/02/2020,10361.61569
15/02/2020,9911.724327
16/02/2020,9952.046612
17/02/2020,9683.079628
18/02/2020,10195.30379
19/02/2020,9636.002299
20/02/2020,9614.030122
21/02/2020,9701.797503
22/02/2020,9675.249058
23/02/2020,9972.842423
24/02/2020,9648.007883
25/02/2020,9344.28714
26/02/2020,8798.888949
27/02/2020,8779.029482
28/02/2020,8750.593446
29/02/2020,8582.0903
1/03/2020,8541.773894
2/03/2020,8906.214756
3/03/2020,8768.810614
4/03/2020,8756.369572
5/03/2020,9062.615803
6/03/2020,9147.085059
7/03/2020,8898.306957
8/03/2020,8109.614541
9/03/2020,7896.38532
10/03/2020,7909.927875
11/03/2020,7939.341335
12/03/2020,4959.313414
13/03/2020,5627.692388
14/03/2020,5145.172506
15/03/2020,5358.610663
16/03/2020,5012.927388
17/03/2020,5416.754711
18/03/2020,5392.487836
19/03/2020,6203.551632
20/03/2020,6174.149476
21/03/2020,6175.831022
22/03/2020,5830.56098
23/03/2020,6486.408657
24/03/2020,6775.057619
25/03/2020,6689.969013
26/03/2020,6754.460336
27/03/2020,6490.795415
28/03/2020,6231.81989
29/03/2020,5904.857587
30/03/2020,6436.9057
31/03/2020,6432.383242
1/04/2020,6643.110009
2/04/2020,6792.742222
3/04/2020,6751.902552
4/04/2020,6859.989169
5/04/2020,6790.812473
6/04/2020,7298.173745
7/04/2020,7187.593337
8/04/2020,7372.194764
9/04/2020,7299.579188
10/04/2020,6859.822675
11/04/2020,6883.182229
12/04/2020,6978.666287
13/04/2020,6863.575533
14/04/2020,6875.538503
15/04/2020,6625.475775
16/04/2020,7127.792282
17/04/2020,7081.395198
18/04/2020,7262.792344
19/04/2020,7150.244215
20/04/2020,6853.273415
21/04/2020,6870.423699
22/04/2020,7123.65692
23/04/2020,7488.605165
24/04/2020,7506.443316
25/04/2020,7537.738209
26/04/2020,7684.068522
27/04/2020,7777.491519
28/04/2020,7769.899698
29/04/2020,8761.83717
30/04/2020,8652.410991
1/05/2020,8855.535258
2/05/2020,8977.281705
3/05/2020,8896.795638
4/05/2020,8881.954305
5/05/2020,8985.879599
6/05/2020,9266.813073
7/05/2020,9993.753177
8/05/2020,9859.323605
9/05/2020,9577.338922
10/05/2020,8715.033293
11/05/2020,8591.652884
12/05/2020,8817.250681
13/05/2020,9322.997202
14/05/2020,9801.269488
15/05/2020,9326.875859
16/05/2020,9395.475389
17/05/2020,9682.532481
18/05/2020,9726.850022
19/05/2020,9754.201462
20/05/2020,9515.70255
21/05/2020,9068.801229
22/05/2020,9161.815034
23/05/2020,9183.662125
24/05/2020,8806.230657
25/05/2020,8909.192582
26/05/2020,8835.137253
27/05/2020,9169.057439
28/05/2020,9568.261853
29/05/2020,9432.413333
30/05/2020,9691.680491
31/05/2020,9433.943847
1/06/2020,10199.13505
2/06/2020,9512.346533
3/06/2020,9642.2734
4/06/2020,9813.360679
5/06/2020,9641.891623
6/06/2020,9668.670539
7/06/2020,9747.580111
8/06/2020,9769.342361
9/06/2020,9779.422166
10/06/2020,9888.444175
11/06/2020,9277.451169
12/06/2020,9456.161533
13/06/2020,9461.333799
14/06/2020,9342.955635
15/06/2020,9441.383211
16/06/2020,9520.091948
17/06/2020,9448.693561
18/06/2020,9389.990766
19/06/2020,9285.991583
20/06/2020,9357.292464
21/06/2020,9284.769372
22/06/2020,9684.620185
23/06/2020,9611.725998
24/06/2020,9292.943544
25/06/2020,9247.121432
26/06/2020,9159.437772
27/06/2020,9002.165617
28/06/2020,9108.065675
29/06/2020,9184.247366
30/06/2020,9143.967585
1/07/2020,9241.339612
2/07/2020,9094.387287
3/07/2020,9066.690697
4/07/2020,9126.219555
5/07/2020,9079.614018
6/07/2020,9338.942591
7/07/2020,9252.158733
8/07/2020,9434.567956
9/07/2020,9231.502348
10/07/2020,9285.221015
11/07/2020,9237.171008
12/07/2020,9289.097977
13/07/2020,9236.622501
14/07/2020,9260.356987
15/07/2020,9196.725559
16/07/2020,9132.592312
17/07/2020,9156.46871
18/07/2020,9175.905309
19/07/2020,9218.842311
20/07/2020,9167.190568
21/07/2020,9388.57435
22/07/2020,9531.25743
23/07/2020,9609.166715
24/07/2020,9548.100727
25/07/2020,9702.45279
26/07/2020,9933.906554
27/07/2020,11046.50833
28/07/2020,10944.61298
29/07/2020,11115.77128
30/07/2020,11135.39073
31/07/2020,11338.19734
1/08/2020,11797.58213
2/08/2020,11094.02068
3/08/2020,11236.09568
4/08/2020,11202.65191
5/08/2020,11721.43847
6/08/2020,11769.30911
7/08/2020,11598.96906
8/08/2020,11743.00864
9/08/2020,11680.51737
10/08/2020,11870.36954
11/08/2020,11392.64409
12/08/2020,11575.51247
13/08/2020,11773.44812
14/08/2020,11774.40825
15/08/2020,11866.91036
16/08/2020,11899.64275
17/08/2020,12315.76242
18/08/2020,11992.696
19/08/2020,11736.84906
20/08/2020,11867.52034
21/08/2020,11524.69895
22/08/2020,11682.28915
23/08/2020,11665.60927
24/08/2020,11771.40805
25/08/2020,11358.45432
26/08/2020,11472.04912
27/08/2020,11314.67374
28/08/2020,11527.88303
29/08/2020,11490.76235
30/08/2020,11698.97583
31/08/2020,11678.34823
1/09/2020,11970.36486
2/09/2020,11414.52093
3/09/2020,10261.49441
4/09/2020,10471.96641
5/09/2020,10128.64359
6/09/2020,10253.2999
7/09/2020,10367.87835
8/09/2020,10108.63545
9/09/2020,10223.11141
10/09/2020,10334.63073
11/09/2020,10387.02074
12/09/2020,10436.97783
13/09/2020,10322.52361
14/09/2020,10662.71991
15/09/2020,10779.38102
16/09/2020,10968.32055
17/09/2020,10936.29275
18/09/2020,10920.11284
19/09/2020,11073.77955
20/09/2020,10921.2181
21/09/2020,10455.37996
22/09/2020,10519.83916
23/09/2020,10233.29957
24/09/2020,10739.04271
25/09/2020,10683.63058
26/09/2020,10742.03042
27/09/2020,10758.82429
28/09/2020,10727.37505
29/09/2020,10841.14274
30/09/2020,10772.35177
1/10/2020,10606.61733
2/10/2020,10570.10568
3/10/2020,10555.70543
4/10/2020,10665.61862
5/10/2020,10772.6356
6/10/2020,10596.37355
7/10/2020,10667.19439
8/10/2020,10902.52936
9/10/2020,11074.10368
10/10/2020,11302.85429
11/10/2020,11378.26253
12/10/2020,11548.40156
13/10/2020,11434.96878
14/10/2020,11417.10811
15/10/2020,11502.58124
16/10/2020,11338.98718
17/10/2020,11362.80222
18/10/2020,11489.62257
19/10/2020,11745.81197
20/10/2020,11929.45725
21/10/2020,12848.49062
22/10/2020,12997.49934
23/10/2020,12953.4297
24/10/2020,13113.86692
25/10/2020,13041.64104
26/10/2020,13080.65617
27/10/2020,13675.52393
28/10/2020,13290.32885
29/10/2020,13475.2173
30/10/2020,13603.29609
31/10/2020,13807.23361
1/11/2020,13736.89941
2/11/2020,13595.56476
3/11/2020,13996.9154
4/11/2020,14129.1482
5/11/2020,15606.46683
6/11/2020,15618.97247
7/11/2020,14866.3563
8/11/2020,15500.00071
9/11/2020,15319.81997
10/11/2020,15319.27568
11/11/2020,15731.24111
12/11/2020,16289.8149
13/11/2020,16330.06277
14/11/2020,16102.01002
15/11/2020,15986.75499
16/11/2020,16743.05394
17/11/2020,17682.16919
18/11/2020,17804.69002
19/11/2020,17818.66866
20/11/2020,18663.78185
21/11/2020,18706.58934
22/11/2020,18482.69263
23/11/2020,18373.25776
24/11/2020,19150.25105
25/11/2020,18748.39371
26/11/2020,17113.71687
27/11/2020,17101.60302
28/11/2020,17745.37731
29/11/2020,18190.86688
30/11/2020,19664.40761
1/12/2020,18820.60779
2/12/2020,19214.87223
3/12/2020,19470.31121
4/12/2020,18732.96709
5/12/2020,19114.63313
6/12/2020,19356.31368
7/12/2020,19182.17683
8/12/2020,18340.97814
9/12/2020,18574.69674
10/12/2020,18294.84695
11/12/2020,18061.76003
12/12/2020,18813.28377
13/12/2020,19156.08251
14/12/2020,19286.7513
15/12/2020,19432.58846
16/12/2020,21370.72032
17/12/2020,22789.26742
18/12/2020,23048.76456
19/12/2020,23856.77352
20/12/2020,23528.55061
21/12/2020,22937.41834
22/12/2020,23756.88877
23/12/2020,23307.2709
24/12/2020,23707.63304
25/12/2020,24669.16432
26/12/2020,26478.06811
27/12/2020,26430.8566
28/12/2020,27039.34902
29/12/2020,27231.20346
30/12/2020,28844.61368
31/12/2020,29022.67141
1/01/2021,29380.69373
2/01/2021,32022.68106
3/01/2021,33277.83531
4/01/2021,31802.14671
5/01/2021,34013.17417
6/01/2021,36643.27772
7/01/2021,39215.65115
8/01/2021,40775.40456
9/01/2021,40370.68235
10/01/2021,38329.34017
11/01/2021,35269.51372
12/01/2021,33712.46855
13/01/2021,37296.54753
14/01/2021,39045.51834
15/01/2021,36710.31742
16/01/2021,36177.2611
17/01/2021,36069.93947
18/01/2021,36594.2964
19/01/2021,36250.14619
20/01/2021,35515.48001
21/01/2021,31022.95103
22/01/2021,32986.43576
23/01/2021,32036.28227
24/01/2021,32216.10429
25/01/2021,32419.70595
26/01/2021,32640.63914
27/01/2021,30358.93472
28/01/2021,33511.2876
29/01/2021,34166.14943
30/01/2021,34349.9171
31/01/2021,33157.83257
1/02/2021,33570.27185
2/02/2021,35596.14891
3/02/2021,37578.37321
4/02/2021,37129.20294
5/02/2021,38045.41361
6/02/2021,39341.72708
7/02/2021,39003.01218
8/02/2021,46121.93407
9/02/2021,46548.16199
10/02/2021,45078.12835
11/02/2021,47892.84092
12/02/2021,47525.20914
13/02/2021,47208.62503
14/02/2021,48829.82751
15/02/2021,48110.24173
16/02/2021,49140.38266
17/02/2021,52224.93911
18/02/2021,51650.06995
19/02/2021,55820.5044
20/02/2021,55861.82057
21/02/2021,57500.71611
22/02/2021,53952.15334
23/02/2021,48560.48904
24/02/2021,49567.34569
25/02/2021,47568.13117
26/02/2021,46231.76758
27/02/2021,45834.51336
28/02/2021,45359.46416
1/03/2021,49634.44711
2/03/2021,48304.70549
3/03/2021,50690.46718
4/03/2021,48472.79548
5/03/2021,48800.81736
6/03/2021,48970.52449
7/03/2021,51086.46818
8/03/2021,52088.47513
9/03/2021,54739.13525
10/03/2021,56116.04091
11/03/2021,57847.25494
12/03/2021,57334.64153
13/03/2021,61288.79413
14/03/2021,59905.61847
15/03/2021,56121.12192
16/03/2021,56500.44603
17/03/2021,58683.06598
18/03/2021,57731.47984
19/03/2021,58168.12192
20/03/2021,58247.88471
21/03/2021,57447.93302
22/03/2021,54453.13735
23/03/2021,54563.61195
24/03/2021,52595.41132
25/03/2021,51547.1249
26/03/2021,54817.85711
27/03/2021,56019.83731
28/03/2021,55713.03814
29/03/2021,57571.23335
30/03/2021,58684.54839
31/03/2021,58792.19483
1/04/2021,58818.9771
2/04/2021,59031.53402
3/04/2021,57282.38962
4/04/2021,58202.19939
5/04/2021,58755.85253
6/04/2021,58084.06642
7/04/2021,56266.83468
8/04/2021,57963.3446
9/04/2021,58051.76256
10/04/2021,59651.55899
11/04/2021,59932.93065
12/04/2021,59905.93637
13/04/2021,63445.63831
14/04/2021,62869.49559
15/04/2021,63231.16299
16/04/2021,61571.11009
17/04/2021,60280.87618
18/04/2021,56389.55798
19/04/2021,55798.13708
20/04/2021,56474.37376
21/04/2021,54025.79957
22/04/2021,51882.05981
23/04/2021,50954.91006
24/04/2021,50279.94845
25/04/2021,48946.94074
26/04/2021,53943.34998
27/04/2021,55027.03098
28/04/2021,54787.37871
29/04/2021,53567.08119
30/04/2021,57741.44442
1/05/2021,57863.59039
2/05/2021,56572.59684
3/05/2021,57243.04161
4/05/2021,53724.10893
5/05/2021,57342.02566
6/05/2021,56527.35298
7/05/2021,57341.06845
8/05/2021,58736.1259
9/05/2021,58288.42563
10/05/2021,55902.92774
11/05/2021,56612.10265
12/05/2021,50972.35508
13/05/2021,49368.61447
14/05/2021,49997.3959
15/05/2021,47047.96333
16/05/2021,46022.50371
17/05/2021,43492.39548
18/05/2021,42789.80939
19/05/2021,37642.52
20/05/2021,40799.40215
21/05/2021,37174.3311
22/05/2021,37643.4198
23/05/2021,34774.20722
24/05/2021,38630.40912
25/05/2021,38269.77107
26/05/2021,39194.8589
27/05/2021,38510.85704
28/05/2021,35596.71795
29/05/2021,34681.81837
30/05/2021,35652.16877
31/05/2021,37312.9749
1/06/2021,36661.37812
2/06/2021,37639.45567
3/06/2021,39160.15041
4/06/2021,36884.37356
5/06/2021,35409.56724
6/06/2021,35720.60435
7/06/2021,33724.90775
8/06/2021,33475.04892
9/06/2021,37372.9889
10/06/2021,36826.00222
11/06/2021,37185.39313
12/06/2021,35669.17128
13/06/2021,38925.41943
14/06/2021,40455.59598
15/06/2021,40254.65147
16/06/2021,38265.54377
17/06/2021,38018.64323
18/06/2021,35714.31208
19/06/2021,35555.9764
20/06/2021,35599.94188
21/06/2021,31715.15986
22/06/2021,32394.55559
23/06/2021,33610.49681
24/06/2021,34658.97288
25/06/2021,31683.5032
26/06/2021,31890.67645
27/06/2021,34506.4912
28/06/2021,34376.18854
29/06/2021,35933.77822
30/06/2021,35065.46615
1/07/2021,33505.08049
2/07/2021,33782.94595
3/07/2021,34588.22429
4/07/2021,35355.60789
5/07/2021,33911.75384
6/07/2021,34123.98157
7/07/2021,33931.61864
8/07/2021,32819.65953
9/07/2021,33914.88107
10/07/2021,33610.94584
11/07/2021,34258.44139
12/07/2021,33135.23591
13/07/2021,32641.97596
14/07/2021,32798.28452
15/07/2021,31707.69004
16/07/2021,31455.71758
17/07/2021,31547.9512
18/07/2021,31707.70385
19/07/2021,30883.46975
20/07/2021,29766.65772
21/07/2021,32119.65723
22/07/2021,32306.96143
23/07/2021,33439.5957
24/07/2021,34166.91465
25/07/2021,35119.93744
26/07/2021,37444.78251
27/07/2021,39126.54029
28/07/2021,39939.19404
29/07/2021,40086.1644
30/07/2021,41789.6671
31/07/2021,41793.31375
1/08/2021,39968.96895
2/08/2021,39304.18628
3/08/2021,38288.8254
4/08/2021,39773.91135
5/08/2021,40941.65043
6/08/2021,42790.35733
7/08/2021,44484.90059
8/08/2021,43972.30102
9/08/2021,46265.64246
10/08/2021,45488.79126
11/08/2021,45676.32636
12/08/2021,44405.74835
13/08/2021,47717.48536
14/08/2021,47124.20507
15/08/2021,47074.37071
16/08/2021,45984.71991
17/08/2021,44714.0968
18/08/2021,44954.36375
19/08/2021,46646.8615
20/08/2021,49240.8356
21/08/2021,49070.24097
22/08/2021,49363.3161
23/08/2021,49590.87637
24/08/2021,47925.86221
25/08/2021,49002.3166
26/08/2021,47190.34499
27/08/2021,49048.47559
28/08/2021,48852.4688
29/08/2021,48948.34796
30/08/2021,47125.76852
31/08/2021,47219.24434
1/09/2021,48688.53756
2/09/2021,49369.58627
3/09/2021,49860.53416
4/09/2021,49919.57756
5/09/2021,51747.64386
6/09/2021,52640.58837
7/09/2021,46854.4006
8/09/2021,46187.97573
9/09/2021,46448.77483
10/09/2021,44765.27558
11/09/2021,45098.59164
12/09/2021,46180.61246
13/09/2021,44991.52213
14/09/2021,47022.61776
15/09/2021,48167.18937
16/09/2021,47797.32832
17/09/2021,47213.79413
18/09/2021,48204.01365
19/09/2021,47218.474
20/09/2021,42855.51034
21/09/2021,40526.48938
22/09/2021,43577.57248
23/09/2021,44861.29803
24/09/2021,42803.3077
25/09/2021,42735.26582
26/09/2021,43131.29418
27/09/2021,42496.78523
28/09/2021,41223.78627
29/09/2021,41453.94701
30/09/2021,43781.54602
1/10/2021,48078.13155
2/10/2021,47792.43919
3/10/2021,48202.62292
4/10/2021,49288.50131
5/10/2021,51558.04933
6/10/2021,55419.80041
7/10/2021,53805.15691
8/10/2021,53933.52759
9/10/2021,55010.92248
10/10/2021,54701.2797
11/10/2021,57289.18646
12/10/2021,56196.18126
13/10/2021,57348.89288
14/10/2021,57384.03691
15/10/2021,61446.08401
16/10/2021,60932.06321
17/10/2021,61462.22237
18/10/2021,61977.05755
19/10/2021,64290.89776
20/10/2021,66061.79656
21/10/2021,62373.88562
22/10/2021,60750.96737
23/10/2021,61250.08263
24/10/2021,60865.44705
25/10/2021,63031.6729
26/10/2021,60393.98027
27/10/2021,58563.33599
